verse_id,verse_text,to_remove
1 Kings 10.18 (Douay-Rheims) - 1,Part 2 of 1 Kings 10.18: Thus saith the Lord the God of Israel:,TRUE
1 Kings 7.18 (AKJV) - 1,Part 2 of 1 Kings 7.18: and so did he for the other chapiter.,TRUE
2 Kings 5.8 (Douay-Rheims) - 1,Part 2 of 2 Kings 5.8: therefore it is said in the proverb:,TRUE
2 Paralipomenon 34.26 (Douay-Rheims) - 1,Part 2 of 2 Paralipomenon 34.26: Thus saith the Lord the God of Israel:,TRUE
4 Kings 19.20 (Douay-Rheims) - 1,Part 2 of 4 Kings 19.20: Thus saith the Lord the God of Israel:,TRUE
4 Kings 22.18 (Douay-Rheims) - 1,Part 2 of 4 Kings 22.18: Thus saith the Lord the God of Israel:,TRUE
Acts 2.16 (ODRV),Acts 2.16 But this is it that was said by the Prophet Ioel:,TRUE
Ezekiel 23.1 (AKJV),"Ezekiel 23.1 The word of the Lord came againe vnto me, saying,",TRUE
Ezekiel 28.1 (AKJV),"Ezekiel 28.1 The word of the Lord came againe vnto me, saying,",TRUE
Ezekiel 28.1 (Geneva),"Ezekiel 28.1 The word of the Lord came againe vnto me, saying,",TRUE
Ezekiel 30.1 (AKJV),"Ezekiel 30.1 The word of the Lord came againe vnto me, saying,",TRUE
Ezekiel 33.23 (AKJV),"Ezekiel 33.23 Then the word of the Lord came vnto me, saying,",TRUE
Ezekiel 37.15 (Geneva),"Ezekiel 37.15 The word of the Lord came againe vnto me, saying,",TRUE
Isaiah 37.21 (Douay-Rheims) - 1,Part 2 of Isaiah 37.21: Thus saith the Lord the God of Israel:,TRUE
Jeremiah 1.4 (AKJV),"Jeremiah 1.4 Then the word of the Lord came vnto me, saying,",TRUE
Jeremiah 11.1 (Douay-Rheims),"Jeremiah 11.1 The word that came from the Lord to Jeremias, saying:",TRUE
Jeremiah 11.1 (Geneva),"Jeremiah 11.1 The worde that came to Ieremiah from the Lord, saying,",TRUE
Jeremiah 11.3 (Douay-Rheims) - 1,Part 2 of Jeremiah 11.3: Thus saith the Lord the God of Israel:,TRUE
Jeremiah 13.8 (Geneva),"Jeremiah 13.8 Then the word of the Lord came vnto me, saying,",TRUE
Jeremiah 16.9 (Douay-Rheims) - 0,"Part 1 of Jeremiah 16.9: For thus saith the Lord of hosts, the God of Israel:",TRUE
Jeremiah 16.9 (Vulgate) - 0,"Part 1 of Jeremiah 16.9: Quia hæc dicit Dominus exercituum, Deus Israël:",TRUE
Jeremiah 19.15 (Douay-Rheims) - 0,"Part 1 of Jeremiah 19.15: Thus saith the Lord of hosts, the God of Israel:",TRUE
Jeremiah 19.3 (AKJV) - 1,"Part 2 of Jeremiah 19.3: Thus saith the Lord of hostes, the God of Israel;",TRUE
Jeremiah 24.5 (Douay-Rheims) - 0,Part 1 of Jeremiah 24.5: Thus saith the Lord the God of Israel:,TRUE
Jeremiah 25.15 (Douay-Rheims) - 0,Part 1 of Jeremiah 25.15: For thus saith the Lord of hosts the God of Israel:,TRUE
Jeremiah 25.27 (Douay-Rheims) - 1,Part 2 of Jeremiah 25.27: Thus saith the Lord of hosts the God of Israel:,TRUE
Jeremiah 27.4 (Douay-Rheims) - 1,Part 2 of Jeremiah 27.4: Thus saith the Lord of hosts the God of Israel:,TRUE
Jeremiah 28.14 (Douay-Rheims) - 0,Part 1 of Jeremiah 28.14: For thus saith the Lord of hosts the God of Israel:,TRUE
Jeremiah 28.14 (Vulgate) - 0,"Part 1 of Jeremiah 28.14: Quia hæc dicit Dominus exercituum, Deus Israël:",TRUE
Jeremiah 28.2 (Douay-Rheims) - 0,Part 1 of Jeremiah 28.2: Thus saith the Lord of hosts the God of Israel:,TRUE
Jeremiah 29.25 (Douay-Rheims) - 0,Part 1 of Jeremiah 29.25: Thus saith the Lord of hosts the God of Israel:,TRUE
Jeremiah 29.30 (Douay-Rheims),"Jeremiah 29.30 And the word of the Lord came to Jeremias, saying:",TRUE
Jeremiah 29.30 (Geneva),"Jeremiah 29.30 Then came the worde of the Lord vnto Ieremiah, saying,",TRUE
Jeremiah 30.1 (Geneva),"Jeremiah 30.1 The worde, that came to Ieremiah from the Lord, saying,",TRUE
Jeremiah 30.1 (Vulgate),"Jeremiah 30.1 Hoc verbum quod factum est ad Jeremiam a Domino, dicens:",TRUE
Jeremiah 31.23 (Douay-Rheims) - 0,"Part 1 of Jeremiah 31.23: Thus saith the Lord of hosts, the God of Israel:",TRUE
Jeremiah 32.14 (AKJV) - 0,Part 1 of Jeremiah 32.14: Thus saith the Lord of hosts the God of Israel;,TRUE
Jeremiah 32.14 (Douay-Rheims) - 0,Part 1 of Jeremiah 32.14: Thus saith the Lord of hosts the God of Israel:,TRUE
Jeremiah 32.15 (AKJV) - 0,Part 1 of Jeremiah 32.15: For thus saith the Lord of hostes the God of Israel;,TRUE
Jeremiah 32.15 (Douay-Rheims) - 0,Part 1 of Jeremiah 32.15: For thus saith the Lord of hosts the God of Israel:,TRUE
Jeremiah 32.15 (Vulgate) - 0,"Part 1 of Jeremiah 32.15: hæc enim dicit Dominus exercituum, Deus Israël:",TRUE
Jeremiah 32.26 (AKJV),"Jeremiah 32.26 Then came the word of the Lord vnto Ieremiah, saying,",TRUE
Jeremiah 32.26 (Douay-Rheims),"Jeremiah 32.26 And the word of the Lord came to Jeremias, saying:",TRUE
Jeremiah 32.26 (Geneva),"Jeremiah 32.26 Then came the worde of the Lord vnto Ieremiah, saying,",TRUE
Jeremiah 33.19 (AKJV),"Jeremiah 33.19 And the word of the Lord came vnto Ieremiah, saying,",TRUE
Jeremiah 33.19 (Douay-Rheims),"Jeremiah 33.19 And the word of the Lord came to Jeremias, saying:",TRUE
Jeremiah 33.19 (Geneva),"Jeremiah 33.19 And the worde of the Lord came vnto Ieremiah, saying,",TRUE
Jeremiah 33.23 (Douay-Rheims),"Jeremiah 33.23 And the word of the Lord came to Jeremias, saying:",TRUE
Jeremiah 34.12 (AKJV),"Jeremiah 34.12 Therefore the worde of the Lord came to Ieremiah, from the Lord, saying,",TRUE
Jeremiah 34.12 (Geneva),"Jeremiah 34.12 Therefore the worde of the Lord came vnto Ieremiah from the Lord, saying,",TRUE
Jeremiah 34.13 (Douay-Rheims) - 0,Part 1 of Jeremiah 34.13: Thus saith the Lord the God of Israel:,TRUE
Jeremiah 35.12 (AKJV),"Jeremiah 35.12 Then came the word of the Lord vnto Ieremiah, saying,",TRUE
Jeremiah 35.12 (Douay-Rheims),"Jeremiah 35.12 And the word of the Lord came to Jeremias, saying:",TRUE
Jeremiah 35.12 (Geneva),"Jeremiah 35.12 Then came the word of the Lord vnto Ieremiah, saying,",TRUE
Jeremiah 35.13 (Douay-Rheims) - 0,Part 1 of Jeremiah 35.13: Thus saith the Lord of hosts the God of Israel:,TRUE
Jeremiah 35.17 (Douay-Rheims) - 0,Part 1 of Jeremiah 35.17: Therefore thus saith the Lord of hosts the God of Israel:,TRUE
Jeremiah 35.17 (Vulgate) - 0,"Part 1 of Jeremiah 35.17: Idcirco hæc dicit Dominus exercituum, Deus Israël:",TRUE
Jeremiah 35.18 (Douay-Rheims) - 1,Part 2 of Jeremiah 35.18: Thus saith the Lord of hosts the God of Israel:,TRUE
Jeremiah 35.19 (Douay-Rheims) - 0,Part 1 of Jeremiah 35.19: Therefore thus saith the Lord of host the God of Israel:,TRUE
Jeremiah 37.5 (Douay-Rheims),"Jeremiah 37.5 And the word of the Lord came to Jeremias the prophet, saying:",TRUE
Jeremiah 37.5 (Vulgate),"Jeremiah 37.5 Et factum est verbum Domini ad Jeremiam prophetam, dicens:",TRUE
Jeremiah 37.6 (Douay-Rheims) - 0,Part 1 of Jeremiah 37.6: Thus saith the Lord the God of Israel:,TRUE
Jeremiah 39.16 (Douay-Rheims) - 0,Part 1 of Jeremiah 39.16: Thus saith the Lord of hosts the God of Israel:,TRUE
Jeremiah 42.15 (Douay-Rheims) - 1,"Part 2 of Jeremiah 42.15: Thus saith the Lord of hosts, the God of Israel:",TRUE
Jeremiah 42.18 (Douay-Rheims) - 0,"Part 1 of Jeremiah 42.18: For thus saith the Lord of hosts, the God of Israel:",TRUE
Jeremiah 42.18 (Vulgate) - 0,"Part 1 of Jeremiah 42.18: Quia hæc dicit Dominus exercituum, Deus Israël:",TRUE
Jeremiah 43.10 (Douay-Rheims) - 1,Part 2 of Jeremiah 43.10: Thus saith the Lord of hosts the God of Israel:,TRUE
Jeremiah 44.11 (Douay-Rheims) - 0,Part 1 of Jeremiah 44.11: Therefore thus saith the Lord of hosts the God of Israel:,TRUE
Jeremiah 44.2 (AKJV) - 0,"Part 1 of Jeremiah 44.2: Thus saith the Lord of hosts, the God of Israel;",TRUE
Jeremiah 44.2 (Douay-Rheims) - 0,Part 1 of Jeremiah 44.2: Thus saith the Lord of hosts the God of Israel:,TRUE
Jeremiah 44.7 (Douay-Rheims) - 0,Part 1 of Jeremiah 44.7: And now thus saith the Lord of hosts the God of Israel:,TRUE
Jeremiah 44.7 (Vulgate) - 0,"Part 1 of Jeremiah 44.7: Et nunc hæc dicit Dominus exercituum, Deus Israël:",TRUE
Jeremiah 5.14 (Douay-Rheims) - 0,Part 1 of Jeremiah 5.14: Thus saith the Lord the God of hosts:,TRUE
Jeremiah 50.18 (AKJV) - 0,Part 1 of Jeremiah 50.18: Therefore thus saith the Lord of hostes the God of Israel;,TRUE
Jeremiah 50.18 (Douay-Rheims) - 0,Part 1 of Jeremiah 50.18: Therefore thus saith the Lord of hosts the God of Israel:,TRUE
Jeremiah 51.33 (AKJV) - 0,"Part 1 of Jeremiah 51.33: For thus saith the Lord of hostes, the God of Israel;",TRUE
Jeremiah 51.33 (Douay-Rheims) - 0,Part 1 of Jeremiah 51.33: For thus saith the Lord of hosts the God of Israel:,TRUE
Jeremiah 51.33 (Vulgate) - 0,"Part 1 of Jeremiah 51.33: Quia hæc dicit Dominus exercituum, Deus Israël:",TRUE
Jeremiah 7.1 (Douay-Rheims),"Jeremiah 7.1 The word that came to Jeremias from the Lord, saying:",TRUE
Jeremiah 7.21 (Douay-Rheims) - 0,Part 1 of Jeremiah 7.21: Thus saith the Lord of hosts the God of Israel:,TRUE
Jeremiah 7.3 (AKJV) - 0,Part 1 of Jeremiah 7.3: Thus saith the Lord of hostes the God of Israel;,TRUE
Jeremiah 7.3 (Douay-Rheims) - 0,Part 1 of Jeremiah 7.3: Thus saith the Lord of hosts the God of Israel:,TRUE
Jeremiah 9.15 (Douay-Rheims) - 0,Part 1 of Jeremiah 9.15: Therefore thus saith the Lord of hosts the God of Israel:,TRUE
Jeremiah 9.15 (Vulgate) - 0,"Part 1 of Jeremiah 9.15: idcirco hæc dicit Dominus exercituum, Deus Israël:",TRUE
Jeremiah 9.17 (Douay-Rheims) - 0,Part 1 of Jeremiah 9.17: Thus saith the Lord of hosts the God of Israel:,TRUE
Joshua 7.13 (Douay-Rheims) - 2,Part 3 of Joshua 7.13: for thus saith the Lord God of Israel:,TRUE
Judges 6.8 (Douay-Rheims) - 1,Part 2 of Judges 6.8: Thus saith the Lord the God of Israel:,TRUE
Luke 20.42 (ODRV) - 0,Part 1 of Luke 20.42: and Dauid himseld saith in the booke of Psalmes:,TRUE
Numbers 21.27 (Douay-Rheims) - 0,Part 1 of Numbers 21.27: Therefore it is said in the proverb:,TRUE
Psalms 108.1 (Geneva) - 0,Part 1 of Psalms 108.1: A song or Psalme of David.,TRUE
Psalms 122.1 (Geneva) - 0,"Part 1 of Psalms 122.1: A song of degrees, or Psalme of David.",TRUE
Psalms 124.1 (Geneva) - 0,"Part 1 of Psalms 124.1: A song of degrees, or Psalme of David.",TRUE
Psalms 126.1 (Geneva) - 0,"Part 1 of Psalms 126.1: A song of degrees, or Psalme of David.",TRUE
Psalms 131.1 (Geneva) - 0,Part 1 of Psalms 131.1: A song of degrees or Psalme of David.,TRUE
Psalms 133.1 (Geneva) - 0,Part 1 of Psalms 133.1: A song of degrees or Psalme of David.,TRUE
Psalms 145.1 (Geneva) - 0,Part 1 of Psalms 145.1: A Psalme of David of Praise.,TRUE
3 Kings 17.14 (Douay-Rheims) - 0,Part 1 of 3 Kings 17.14: For thus saith the Lord the God of Israel:,TRUE
4 Kings 9.6 (Douay-Rheims) - 2,Part 3 of 4 Kings 9.6: Thus saith the Lord God of Israel:,TRUE
1 Kings 2.30 (Douay-Rheims) - 0,Part 1 of 1 Kings 2.30: Wherefore thus saith the Lord the God of Israel:,TRUE
4 Kings 21.12 (Douay-Rheims) - 0,Part 1 of 4 Kings 21.12: Therefore thus saith the Lord the God of Israel:,TRUE
3 Kings 17.14 (Vulgate) - 0,Part 1 of 3 Kings 17.14: Hæc autem dicit Dominus Deus Israël:,TRUE
Exodus 5.1 (ODRV) - 1,Part 2 of Exodus 5.1: This saith the Lord God of Israel:,TRUE
4 Kings 21.12 (Vulgate) - 0,Part 1 of 4 Kings 21.12: propterea hæc dicit Dominus Deus Israël:,TRUE
Jeremiah 21.4 (Douay-Rheims) - 0,"Part 1 of Jeremiah 21.4: Thus saith the Lord, the God of Israel:",TRUE
Jeremiah 13.12 (Douay-Rheims) - 1,Part 2 of Jeremiah 13.12: Thus saith the Lord God of Israel:,TRUE
Jeremiah 34.2 (Douay-Rheims) - 0,"Part 1 of Jeremiah 34.2: Thus saith the Lord, the God of Israel:",TRUE
Jeremiah 13.12 (AKJV) - 1,Part 2 of Jeremiah 13.12: Thus saith the Lord God of Israel;,TRUE
Jeremiah 21.4 (AKJV) - 0,Part 1 of Jeremiah 21.4: Thus saith the Lord God of Israel;,TRUE
2 Chronicles 34.23 (AKJV) - 0,"Part 1 of 2 Chronicles 34.23: And she answered them, Thus saith the Lord God of Israel:",TRUE
1 Kings 15.2 (Douay-Rheims) - 0,Part 1 of 1 Kings 15.2: Thus saith the Lord of hosts:,TRUE
Joshua 7.13 (Vulgate) - 2,Part 3 of Joshua 7.13: hæc enim dicit Dominus Deus Israël:,TRUE
Ezekiel 23.28 (Douay-Rheims) - 0,Part 1 of Ezekiel 23.28: For thus saith the Lord God:,TRUE
Ezekiel 17.16 (Douay-Rheims) - 0,"Part 1 of Ezekiel 17.16: As I live, saith the Lord God:",FALSE
2 Kings 23.3 (Vulgate) - 0,"Part 1 of 2 Kings 23.3: Dixit Deus Israël mihi, locutus est fortis Israël:",FALSE
Ezekiel 23.28 (AKJV) - 0,Part 1 of Ezekiel 23.28: For thus saith the Lord God;,TRUE
Ezekiel 32.11 (Douay-Rheims) - 0,Part 1 of Ezekiel 32.11: For thus saith the Lord God:,TRUE
2 Kings 7.8 (Douay-Rheims) - 1,Part 2 of 2 Kings 7.8: Thus saith the Lord of hosts:,TRUE
Ezekiel 29.13 (Douay-Rheims) - 0,Part 1 of Ezekiel 29.13: For thus saith the Lord God:,TRUE
Ezekiel 5.11 (Douay-Rheims) - 0,"Part 1 of Ezekiel 5.11: Therefore as I live, saith the Lord God:",FALSE
Ezekiel 26.19 (Douay-Rheims) - 0,Part 1 of Ezekiel 26.19: For thus saith the Lord God:,TRUE
Ezekiel 16.59 (Douay-Rheims) - 0,Part 1 of Ezekiel 16.59: For thus saith the Lord God:,TRUE
Ezekiel 34.11 (Douay-Rheims) - 0,Part 1 of Ezekiel 34.11: For thus saith the Lord God:,TRUE
Ezekiel 26.19 (AKJV) - 0,Part 1 of Ezekiel 26.19: For thus saith the Lord God;,TRUE
Ezekiel 23.46 (Douay-Rheims) - 0,Part 1 of Ezekiel 23.46: For thus saith the Lord God:,TRUE
Ezekiel 13.20 (Douay-Rheims) - 0,Part 1 of Ezekiel 13.20: Therefore thus saith the Lord God:,TRUE
Ezekiel 16.59 (AKJV) - 0,Part 1 of Ezekiel 16.59: For thus saith the Lord God;,TRUE
Ezekiel 22.19 (Douay-Rheims) - 0,Part 1 of Ezekiel 22.19: Therefore thus saith the Lord God:,TRUE
Ezekiel 25.16 (Douay-Rheims) - 0,Part 1 of Ezekiel 25.16: Therefore thus saith the Lord God:,TRUE
Ezekiel 25.13 (Douay-Rheims) - 0,Part 1 of Ezekiel 25.13: Therefore thus saith the Lord God:,TRUE
Ezekiel 24.9 (Douay-Rheims) - 0,Part 1 of Ezekiel 24.9: Therefore thus saith the Lord God:,TRUE
Ezekiel 17.19 (Douay-Rheims) - 0,Part 1 of Ezekiel 17.19: Therefore thus saith the Lord God:,TRUE
Ezekiel 11.16 (Douay-Rheims) - 0,Part 1 of Ezekiel 11.16: Therefore thus saith the Lord God:,TRUE
Ezekiel 23.35 (Douay-Rheims) - 0,Part 1 of Ezekiel 23.35: Therefore thus saith the Lord God:,TRUE
Ezekiel 29.19 (Douay-Rheims) - 0,Part 1 of Ezekiel 29.19: Therefore thus saith the Lord God:,TRUE
Ezekiel 21.24 (Douay-Rheims) - 0,Part 1 of Ezekiel 21.24: Therefore thus saith the Lord God:,TRUE
Ezekiel 25.6 (Douay-Rheims) - 0,Part 1 of Ezekiel 25.6: For thus saith the Lord God:,TRUE
Ezekiel 26.7 (Douay-Rheims) - 0,Part 1 of Ezekiel 26.7: For thus saith the Lord God:,TRUE
Ezekiel 24.9 (AKJV) - 0,Part 1 of Ezekiel 24.9: Therefore thus saith the Lord God;,TRUE
Ezekiel 13.13 (Douay-Rheims) - 0,Part 1 of Ezekiel 13.13: Therefore thus saith the Lord God:,TRUE
1 Paralipomenon 24.19 (Douay-Rheims) - 1,Part 2 of 1 Paralipomenon 24.19: as the Lord the God of Israel had commanded.,TRUE
Ezekiel 26.7 (AKJV) - 0,Part 1 of Ezekiel 26.7: For thus saith the Lord God;,TRUE
Ezekiel 24.6 (Douay-Rheims) - 0,Part 1 of Ezekiel 24.6: Therefore thus saith the Lord God:,TRUE
Ezekiel 30.22 (Douay-Rheims) - 0,"Part 1 of Ezekiel 30.22: Therefore, thus saith the Lord God:",TRUE
Ezekiel 11.7 (Douay-Rheims) - 0,Part 1 of Ezekiel 11.7: Therefore thus saith the Lord God:,TRUE
Ezekiel 36.7 (Douay-Rheims) - 0,Part 1 of Ezekiel 36.7: Therefore thus saith the Lord God:,TRUE
Ezekiel 13.8 (Douay-Rheims) - 0,Part 1 of Ezekiel 13.8: Therefore thus saith the Lord God:,TRUE
Ezekiel 36.5 (Douay-Rheims) - 0,Part 1 of Ezekiel 36.5: Therefore thus saith the Lord God:,TRUE
Ezekiel 34.20 (Douay-Rheims) - 0,Part 1 of Ezekiel 34.20: Therefore thus saith the Lord God to you:,TRUE
Ezekiel 15.6 (Douay-Rheims) - 0,Part 1 of Ezekiel 15.6: Therefore thus saith the Lord God:,TRUE
Ezekiel 29.8 (Douay-Rheims) - 0,Part 1 of Ezekiel 29.8: Therefore thus saith the Lord God:,TRUE
Ezekiel 28.6 (Douay-Rheims) - 0,"Part 1 of Ezekiel 28.6: Therefore, thus saith the Lord God:",TRUE
Ezekiel 32.3 (Douay-Rheims) - 0,"Part 1 of Ezekiel 32.3: Therefore, thus saith the Lord God:",TRUE
Ezekiel 28.6 (AKJV) - 0,Part 1 of Ezekiel 28.6: Therefore thus saith the Lord God;,TRUE
Ezekiel 26.3 (Douay-Rheims) - 0,Part 1 of Ezekiel 26.3: Therefore thus saith the Lord God:,TRUE
Ezekiel 39.25 (Douay-Rheims) - 0,"Part 1 of Ezekiel 39.25: Therefore, thus saith the Lord God:",TRUE
Ezekiel 13.8 (AKJV) - 0,Part 1 of Ezekiel 13.8: Therefore thus saith the Lord God;,TRUE
Jeremiah 30.2 (Douay-Rheims) - 0,"Part 1 of Jeremiah 30.2: Thus saith the Lord, the God of Israel, saying:",TRUE
Ezekiel 15.6 (AKJV) - 0,Part 1 of Ezekiel 15.6: Therefore thus saith the Lord God;,TRUE
Ezekiel 13.13 (AKJV) - 0,Part 1 of Ezekiel 13.13: Therefore thus sayth the Lord God;,TRUE
Ezekiel 5.7 (Douay-Rheims) - 0,Part 1 of Ezekiel 5.7: Therefore thus saith the Lord God:,TRUE
Ezekiel 5.8 (Douay-Rheims) - 0,Part 1 of Ezekiel 5.8: Therefore thus saith the Lord God:,TRUE
Jeremiah 16.9 (AKJV) - 0,"Part 1 of Jeremiah 16.9: For thus sayth the Lord of hostes, the God of Israel:",TRUE
Ezekiel 11.7 (AKJV) - 0,Part 1 of Ezekiel 11.7: Therefore thus sayth the Lord God;,TRUE
2 Chronicles 34.26 (AKJV) - 1,"Part 2 of 2 Chronicles 34.26: Thus saith the Lord God of Israel, concerning the words which thou hast heard:",TRUE
Ezekiel 16.19 (Geneva) - 1,"Part 2 of Ezekiel 16.19: thus it was, saith the Lord God.",FALSE
Ezekiel 34.31 (Vulgate) - 1,"Part 2 of Ezekiel 34.31: et ego Dominus Deus vester, dicit Dominus Deus.",FALSE
Jeremiah 29.8 (Douay-Rheims) - 0,Part 1 of Jeremiah 29.8: For thus saith the Lord of hoses the God of Israel:,TRUE
3 Kings 1.30 (Douay-Rheims) - 0,"Part 1 of 3 Kings 1.30: Even as I swore to thee by the Lord the God of Israel, saying:",FALSE
Ezekiel 20.7 (AKJV) - 1,Part 2 of Ezekiel 20.7: I am the Lord your God.,TRUE
Ezekiel 20.19 (AKJV) - 0,Part 1 of Ezekiel 20.19: I am the Lord your God:,TRUE
Ezekiel 20.19 (Geneva) - 0,Part 1 of Ezekiel 20.19: I am the Lord your God:,TRUE
Ezekiel 20.19 (Douay-Rheims) - 0,Part 1 of Ezekiel 20.19: I am the Lord your God:,TRUE
Ezekiel 16.19 (AKJV) - 1,"Part 2 of Ezekiel 16.19: and thus it was, saith the Lord God.",FALSE
Jeremiah 30.2 (AKJV) - 0,"Part 1 of Jeremiah 30.2: Thus speaketh the Lord God of Israel, saying;",TRUE
1 Kings 7.18 (Geneva) - 1,Part 2 of 1 Kings 7.18: And thus did he for the other chapiter.,TRUE
3 Kings 7.18 (Douay-Rheims) - 1,Part 2 of 3 Kings 7.18: and in like manner did he to the other chapiter.,TRUE
3 Kings 7.29 (Douay-Rheims) - 1,Part 2 of 3 Kings 7.29: and in the joinings likewise above:,TRUE
Mark 12.21 (ODRV) - 2,Part 3 of Mark 12.21: And the third in like manner.,TRUE
1 Kings 6.10 (Douay-Rheims) - 0,Part 1 of 1 Kings 6.10: They did therefore in this manner:,TRUE
4 Kings 17.8 (Douay-Rheims) - 1,Part 2 of 4 Kings 17.8: because they had done in like manner.,TRUE
3 Kings 21.9 (Douay-Rheims) - 0,Part 1 of 3 Kings 21.9: And this was the tenor of the letters:,TRUE
1 Chronicles 8.8 (AKJV) - 1,Part 2 of 1 Chronicles 8.8: After hee had sent them away:,TRUE
2 Kings 15.12 (AKJV) - 1,Part 2 of 2 Kings 15.12: And so it came to passe.,TRUE
2 Maccabees 4.17 (Douay-Rheims) - 1,Part 2 of 2 Maccabees 4.17: but this the time following will declare.,FALSE
2 Kings 7.20 (AKJV) - 0,Part 1 of 2 Kings 7.20: And so it fell out vnto him:,FALSE
Acts 13.35 (ODRV) - 0,Part 1 of Acts 13.35: And therfore in another place also he saith:,TRUE
Genesis 41.26 (ODRV) - 2,Part 3 of Genesis 41.26: and both conteine the selfe same meaning of the dreame.,TRUE
2 Kings 15.12 (Geneva) - 1,Part 2 of 2 Kings 15.12: And it came so to passe.,TRUE
Wisdom 15.7 (AKJV) - 2,Part 3 of Wisdom 15.7: and likewise also all such as serue to the contrary:,FALSE
2 Maccabees 2.33 (Douay-Rheims) - 1,Part 2 of 2 Maccabees 2.33: let this be enough by way of a preface:,TRUE
Psalms 53.2 (ODRV) - 2,Part 3 of Psalms 53.2: Reg. 1. 23. & 26. ),TRUE
2 Maccabees 15.24 (Douay-Rheims) - 1,Part 2 of 2 Maccabees 15.24: And thus he concluded his prayer.,TRUE
4 Kings 15.12 (Douay-Rheims) - 2,Part 3 of 4 Kings 15.12: And so it came to pass.,TRUE
2 Maccabees 6.17 (Douay-Rheims) - 1,Part 2 of 2 Maccabees 6.17: And now we must come to the narration.,TRUE
2 Kings 7.20 (Geneva) - 0,Part 1 of 2 Kings 7.20: And so it came vnto him:,TRUE
Deuteronomy 15.2 (Douay-Rheims) - 0,Part 1 of Deuteronomy 15.2: Which shall be celebrated in this order.,FALSE
Mark 14.31 (Wycliffe) - 1,Part 2 of Mark 14.31: And in lijk maner alle seiden.,TRUE
1 Kings 7.17 (AKJV) - 1,"Part 2 of 1 Kings 7.17: seuen for the one chapiter, and seuen for the other chapiter.",FALSE
2 Maccabees 8.26 (Douay-Rheims) - 2,Part 3 of 2 Maccabees 8.26: and therefore they did not continue the pursuit.,FALSE
Leviticus 4.20 (Geneva) - 1,Part 2 of Leviticus 4.20: so shall he do with this:,TRUE
1 Esdras 6.13 (AKJV) - 0,Part 1 of 1 Esdras 6.13: So they gaue vs this answere:,TRUE
1 Corinthians 1.12 (Tyndale) - 0,Part 1 of 1 Corinthians 1.12: And this is it that I meane:,TRUE
2 Kings 18.26 (Douay-Rheims) - 3,Part 4 of 2 Kings 18.26: He also is a good messenger.,FALSE
1 Corinthians 15.5 (ODRV) - 1,Part 2 of 1 Corinthians 15.5: and after that of the eleuen.,TRUE
3 Kings 2.15 (Douay-Rheims) - 2,Part 3 of 3 Kings 2.15: for it was appointed him by the Lord.,FALSE
Job 39.35 (Douay-Rheims) - 1,"Part 2 of Job 39.35: and another, to which I will add no more.",TRUE
2 Chronicles 35.15 (AKJV) - 2,Part 3 of 2 Chronicles 35.15: they might not depart from their seruice;,FALSE
Acts 13.35 (Tyndale) - 0,Part 1 of Acts 13.35: Wherfore he saith also in another place:,TRUE
2 Maccabees 11.27 (Douay-Rheims) - 0,Part 1 of 2 Maccabees 11.27: But the king’s letter to the Jews was in this manner:,TRUE
2 Esdras 6.47 (AKJV) - 1,Part 2 of 2 Esdras 6.47: and so it came to passe.,TRUE
2 Chronicles 23.13 (AKJV) - 3,Part 4 of 2 Chronicles 23.13: and such as taught to sing praise.,TRUE
2 Maccabees 11.22 (Douay-Rheims) - 0,Part 1 of 2 Maccabees 11.22: But the king’s letter contained these words:,TRUE
2 Kings 21.4 (Douay-Rheims) - 3,Part 4 of 2 Kings 21.4: And the king said to them:,TRUE
2 Maccabees 14.22 (Douay-Rheims) - 1,Part 2 of 2 Maccabees 14.22: so they made an agreeable conference.,FALSE
2 Kings 17.11 (Douay-Rheims) - 0,Part 1 of 2 Kings 17.11: But this seemeth to me to be good counsel:,FALSE
2 Kings 17.19 (Douay-Rheims) - 1,Part 2 of 2 Kings 17.19: and so the thing was not known.,FALSE
1 Corinthians 11.18 (Geneva) - 1,Part 2 of 1 Corinthians 11.18: and I beleeue it to be true in some part.,FALSE
Hebrews 7.15 (ODRV) - 0,Part 1 of Hebrews 7.15: And yet it is much more euident:,TRUE
4 Kings 16.9 (Douay-Rheims) - 0,Part 1 of 4 Kings 16.9: And he agreed to his desire:,FALSE
2 Chronicles 29.36 (Geneva) - 1,Part 2 of 2 Chronicles 29.36: for the thing was done suddenly.,TRUE
2 Chronicles 29.36 (AKJV) - 1,Part 2 of 2 Chronicles 29.36: for the thing was done suddenly.,TRUE
2 Maccabees 13.26 (Douay-Rheims) - 1,Part 2 of 2 Maccabees 13.26: and thus matters went with regard to the king’s coming and his return.,FALSE
1 Samuel 8.8 (AKJV) - 1,Part 2 of 1 Samuel 8.8: so doe they also vnto thee.,TRUE
2 Chronicles 14.6 (AKJV) - 2,Part 3 of 2 Chronicles 14.6: because the Lord had giuen him rest.,FALSE
2 Kings 6.6 (Geneva) - 1,Part 2 of 2 Kings 6.6: And he shewed him the place.,FALSE
4 Kings 14.4 (Douay-Rheims) - 0,"Part 1 of 4 Kings 14.4: But this only, that he took not away the high places:",FALSE
1 Kings 15.23 (Douay-Rheims) - 1,"Part 2 of 1 Kings 15.23: and like the crime of idolatry, to refuse to obey.",FALSE
Job 39.35 (Vulgate) - 1,"Part 2 of Job 39.35: et alterum, quibus ultra non addam.",FALSE
3 Kings 20.10 (Douay-Rheims) - 1,Part 2 of 3 Kings 20.10: And he sent again and said:,TRUE
2 Corinthians 7.7 (Tyndale) - 0,Part 1 of 2 Corinthians 7.7: And not with his commynge only:,FALSE
2 Maccabees 14.46 (Douay-Rheims) - 1,Part 2 of 2 Maccabees 14.46: and so he departed this life.,FALSE
2 Kings 6.23 (Geneva) - 0,Part 1 of 2 Kings 6.23: And he made great preparation for them:,FALSE
1 Chronicles 11.19 (AKJV) - 2,Part 3 of 1 Chronicles 11.19: therfore he would not drink it.,FALSE
Leviticus 18.23 (Douay-Rheims) - 2,Part 3 of Leviticus 18.23: because it is a heinous crime.,FALSE
Hebrews 9.5 (Vulgate) - 1,Part 2 of Hebrews 9.5: de quibus non est modo dicendum per singula.,FALSE
1 Kings 12.24 (Geneva) - 2,Part 3 of 1 Kings 12.24: for this thing is done by me.,FALSE
2 Chronicles 35.12 (AKJV) - 1,Part 2 of 2 Chronicles 35.12: and so did they with the oxen.,FALSE
2 Maccabees 2.33 (Douay-Rheims) - 0,Part 1 of 2 Maccabees 2.33: Here then we will begin the narration:,TRUE
2 Kings 22.20 (AKJV) - 1,Part 2 of 2 Kings 22.20: And they brought the king word againe.,TRUE
2 Chronicles 14.6 (Geneva) - 1,Part 2 of 2 Chronicles 14.6: for the Lord had giuen him rest.,FALSE
Numbers 13.28 (Geneva) - 1,Part 2 of Numbers 13.28: and here is of the fruite of it.,TRUE
2 Kings 18.4 (Douay-Rheims) - 0,Part 1 of 2 Kings 18.4: And the king said to them:,TRUE
2 Kings 4.8 (Douay-Rheims) - 1,Part 2 of 2 Kings 4.8: and they said to the king:,TRUE
1 Kings 17.30 (Douay-Rheims) - 2,Part 3 of 1 Kings 17.30: And the people answered him as before.,TRUE
2 Kings 2.20 (Geneva) - 1,Part 2 of 2 Kings 2.20: And they brought it to him.,TRUE
2 Kings 2.20 (AKJV) - 1,Part 2 of 2 Kings 2.20: And they brought it to him.,TRUE
2 Kings 4.13 (AKJV) - 1,Part 2 of 2 Kings 4.13: What is to be done for thee?,FALSE
2 Maccabees 4.28 (Vulgate) - 0,Part 1 of 2 Maccabees 4.28: nam ad hunc exactio vectigalium pertinebant:,FALSE
Romans 15.12 (Tyndale) - 0,Part 1 of Romans 15.12: And in another place Esaias sayth:,TRUE
Hebrews 9.5 (AKJV) - 1,Part 2 of Hebrews 9.5: of which we cannot now speake particularly.,FALSE
2 Paralipomenon 24.27 (Douay-Rheims) - 1,Part 2 of 2 Paralipomenon 24.27: they are written more diligently in the book of kings:,FALSE
1 Chronicles 26.1 (AKJV) - 0,Part 1 of 1 Chronicles 26.1: Concerning the diuisions of the porters:,FALSE
Judges 21.11 (Douay-Rheims) - 0,Part 1 of Judges 21.11: And this is what you shall observe:,TRUE
2 Kings 5.2 (Douay-Rheims) - 1,Part 2 of 2 Kings 5.2: and the Lord said to thee:,TRUE
1 Kings 2.15 (AKJV) - 2,Part 3 of 1 Kings 2.15: for it was his from the Lord.,FALSE
Hebrews 5.6 (Tyndale) - 0,Part 1 of Hebrews 5.6: As he also in another place speaketh:,TRUE
1 Chronicles 11.19 (Geneva) - 2,Part 3 of 1 Chronicles 11.19: therefore he would not drinke it:,FALSE
1 Kings 21.11 (Geneva) - 1,"Part 2 of 1 Kings 21.11: as it was written in the letters, which she had sent vnto them.",TRUE
1 Kings 12.30 (Geneva) - 0,Part 1 of 1 Kings 12.30: And this thing turned to sinne:,FALSE
1 Kings 12.30 (AKJV) - 0,Part 1 of 1 Kings 12.30: And this thing became a sinne:,FALSE
1 Esdras 4.7 (AKJV) - 0,Part 1 of 1 Esdras 4.7: And yet he is but one man;,FALSE
1 Chronicles 20.8 (Geneva) - 1,Part 2 of 1 Chronicles 20.8: and by the hands of his seruants.,TRUE
2 Kings 21.5 (Douay-Rheims) - 0,Part 1 of 2 Kings 21.5: And they said to the king:,TRUE
Exodus 36.6 (AKJV) - 1,Part 2 of Exodus 36.6: so the people were restrained from bringing.,FALSE
Genesis 37.27 (Wycliffe) - 1,Part 2 of Genesis 37.27: The britheren assentiden to these wordis;,FALSE
2 Peter 3.16 (ODRV) - 0,Part 1 of 2 Peter 3.16: as also in al epistles speaking in them of these things;,TRUE
4 Kings 6.32 (Douay-Rheims) - 1,Part 2 of 4 Kings 6.32: So he sent a man before:,TRUE
2 Paralipomenon 18.14 (Douay-Rheims) - 0,Part 1 of 2 Paralipomenon 18.14: So he came to the king:,TRUE
1 Maccabees 6.37 (Douay-Rheims) - 3,Part 4 of 1 Maccabees 6.37: and an Indian to rule the beast.,FALSE
1 Kings 24.14 (Douay-Rheims) - 0,Part 1 of 1 Kings 24.14: As also it is said in the old proverb:,TRUE
2 Chronicles 35.7 (Geneva) - 1,Part 2 of 2 Chronicles 35.7: these were of the Kings substance.,FALSE
2 Chronicles 35.7 (AKJV) - 1,Part 2 of 2 Chronicles 35.7: these were of the kings substance.,FALSE
1 Kings 20.31 (AKJV) - 2,Part 3 of 1 Kings 20.31: peraduenture he will saue thy life.,FALSE
1 Kings 19.14 (Douay-Rheims) - 1,Part 2 of 1 Kings 19.14: and it was answered that he was sick.,FALSE
1 Chronicles 7.17 (AKJV) - 0,"Part 1 of 1 Chronicles 7.17: And the sonnes of Ulam, Bedan.",FALSE
Acts 26.24 (Tyndale) - 0,Part 1 of Acts 26.24: As he thus answered for him selfe:,TRUE
Judges 7.13 (Douay-Rheims) - 1,Part 2 of Judges 7.13: and in this manner related what he had seen:,TRUE
2 Kings 4.23 (AKJV) - 1,"Part 2 of 2 Kings 4.23: And shee said, It shalbe well.",FALSE
4 Kings 17.5 (Douay-Rheims) - 0,Part 1 of 4 Kings 17.5: And he went through all the land:,FALSE
2 Samuel 20.18 (AKJV) - 1,Part 2 of 2 Samuel 20.18: and so they ended the matter.,TRUE
2 Kings 11.17 (Geneva) - 1,Part 2 of 2 Kings 11.17: likewise betweene the King and the people.,TRUE
1 Kings 24.14 (Vulgate) - 0,Part 1 of 1 Kings 24.14: Sicut et in proverbio antiquo dicitur:,TRUE
1 Kings 19.24 (Douay-Rheims) - 1,Part 2 of 1 Kings 19.24: This gave occasion to a proverb:,TRUE
2 Maccabees 5.17 (Douay-Rheims) - 1,Part 2 of 2 Maccabees 5.17: and therefore contempt had happened to the place:,FALSE
2 Peter 2.22 (AKJV) - 0,Part 1 of 2 Peter 2.22: But it is happened vnto them according to the true prouerbe:,TRUE
2 Peter 2.22 (Tyndale) - 0,Part 1 of 2 Peter 2.22: It is happened vnto them accordinge to the true proverbe:,TRUE
Matthew 2.5 (Wycliffe) - 1,"Part 2 of Matthew 2.5: for so it is writun bi a profete,",TRUE
1 Paralipomenon 17.7 (Douay-Rheims) - 1,Part 2 of 1 Paralipomenon 17.7: Thus saith the Lord of hosts:,TRUE
Jeremiah 25.32 (Douay-Rheims) - 0,Part 1 of Jeremiah 25.32: Thus saith the Lord of hosts:,TRUE
Jeremiah 26.18 (Douay-Rheims) - 1,Part 2 of Jeremiah 26.18: Thus saith the Lord of hosts:,TRUE
Jeremiah 29.17 (Douay-Rheims) - 0,Part 1 of Jeremiah 29.17: Thus saith the Lord of hosts:,TRUE
Isaiah 28.16 (Douay-Rheims) - 0,Part 1 of Isaiah 28.16: Therefore thus saith the Lord God:,TRUE
Jeremiah 33.12 (Douay-Rheims) - 0,Part 1 of Jeremiah 33.12: Thus saith the Lord of hosts:,TRUE
Jeremiah 49.35 (Douay-Rheims) - 0,Part 1 of Jeremiah 49.35: Thus saith the Lord of hosts:,TRUE
Jeremiah 50.33 (Douay-Rheims) - 0,Part 1 of Jeremiah 50.33: Thus saith the Lord of hosts:,TRUE
Jeremiah 51.58 (Douay-Rheims) - 0,Part 1 of Jeremiah 51.58: Thus saith the Lord of hosts:,TRUE
Jeremiah 19.11 (Douay-Rheims) - 1,Part 2 of Jeremiah 19.11: Thus saith the Lord of hosts:,TRUE
Jeremiah 50.33 (AKJV) - 0,Part 1 of Jeremiah 50.33: Thus saith the Lord of hosts;,TRUE
Jeremiah 44.25 (Douay-Rheims) - 0,"Part 1 of Jeremiah 44.25: Thus saith the Lord of hosts the God of Israel, saying:",TRUE
Jeremiah 23.16 (Douay-Rheims) - 0,Part 1 of Jeremiah 23.16: Thus saith the Lord of hosts:,TRUE
Jeremiah 25.15 (Vulgate) - 0,"Part 1 of Jeremiah 25.15: Quia sic dicit Dominus exercituum, Deus Israël:",TRUE
Jeremiah 29.25 (Vulgate) - 0,"Part 1 of Jeremiah 29.25: Hæc dicit Dominus exercituum, Deus Israël:",TRUE
Jeremiah 31.23 (Vulgate) - 0,"Part 1 of Jeremiah 31.23: Hæc dicit Dominus exercituum, Deus Israël:",TRUE
Jeremiah 19.15 (Vulgate) - 0,"Part 1 of Jeremiah 19.15: Hæc dicit Dominus exercituum, Deus Israël:",TRUE
Isaiah 65.13 (Douay-Rheims) - 0,Part 1 of Isaiah 65.13: Therefore thus saith the Lord God:,TRUE
Jeremiah 32.14 (Vulgate) - 0,"Part 1 of Jeremiah 32.14: Hæc dicit Dominus exercituum, Deus Israël:",TRUE
Isaiah 22.15 (Douay-Rheims) - 0,Part 1 of Isaiah 22.15: Thus saith the Lord God of hosts:,TRUE
Jeremiah 35.13 (Vulgate) - 0,"Part 1 of Jeremiah 35.13: Hæc dicit Dominus exercituum, Deus Israël:",TRUE
Jeremiah 6.9 (Douay-Rheims) - 0,Part 1 of Jeremiah 6.9: Thus saith the Lord of hosts:,TRUE
Isaiah 52.4 (Douay-Rheims) - 0,Part 1 of Isaiah 52.4: For thus saith the Lord God:,TRUE
Jeremiah 39.16 (Vulgate) - 1,"Part 2 of Jeremiah 39.16: Hæc dicit Dominus exercituum, Deus Israël:",TRUE
Jeremiah 7.21 (Vulgate) - 0,"Part 1 of Jeremiah 7.21: Hæc dicit Dominus exercituum, Deus Israël:",TRUE
Isaiah 65.13 (AKJV) - 0,Part 1 of Isaiah 65.13: Therefore thus saith the Lord God;,TRUE
Jeremiah 42.15 (Vulgate) - 1,"Part 2 of Jeremiah 42.15: Hæc dicit Dominus exercituum, Deus Israël:",TRUE
Jeremiah 29.8 (Vulgate) - 0,"Part 1 of Jeremiah 29.8: Hæc enim dicit Dominus exercituum, Deus Israël:",TRUE
Jeremiah 9.17 (Vulgate) - 0,"Part 1 of Jeremiah 9.17: Hæc dicit Dominus exercituum, Deus Israël:",TRUE
Jeremiah 7.20 (Douay-Rheims) - 0,Part 1 of Jeremiah 7.20: Therefore thus saith the Lord God:,TRUE
Jeremiah 33.12 (AKJV) - 0,Part 1 of Jeremiah 33.12: Thus saith the Lord of hostes;,TRUE
Jeremiah 7.3 (Vulgate) - 0,"Part 1 of Jeremiah 7.3: Hæc dicit Dominus exercituum, Deus Israël:",TRUE
Jeremiah 34.4 (Douay-Rheims) - 1,Part 2 of Jeremiah 34.4: Thus saith the Lord to thee:,TRUE
Jeremiah 44.25 (AKJV) - 0,"Part 1 of Jeremiah 44.25: Thus saith the Lord of hostes the God of Israel, saying:",TRUE
Jeremiah 46.25 (Douay-Rheims) - 0,Part 1 of Jeremiah 46.25: The Lord of hosts the God of Israel hath said:,TRUE
Jeremiah 44.2 (Vulgate) - 0,"Part 1 of Jeremiah 44.2: Hæc dicit Dominus exercituum, Deus Israël:",TRUE
Jeremiah 25.8 (Douay-Rheims) - 0,Part 1 of Jeremiah 25.8: Therefore thus saith the Lord of hosts:,TRUE
Jeremiah 30.2 (Vulgate) - 0,"Part 1 of Jeremiah 30.2: Hæc dicit Dominus Deus Israël, dicens:",TRUE
Jeremiah 11.22 (Douay-Rheims) - 0,Part 1 of Jeremiah 11.22: Therefore thus saith the Lord of hosts:,TRUE
Isaiah 21.17 (Vulgate) - 1,Part 2 of Isaiah 21.17: Dominus enim Deus Israël locutus est.,TRUE
Jeremiah 28.2 (AKJV) - 0,"Part 1 of Jeremiah 28.2: Thus speaketh the Lord of hostes, the God of Israel, saying;",TRUE
Jeremiah 17.19 (Douay-Rheims) - 0,Part 1 of Jeremiah 17.19: Thus saith the Lord to me:,TRUE
Jeremiah 27.2 (Douay-Rheims) - 0,Part 1 of Jeremiah 27.2: Thus saith the Lord to me:,TRUE
Jeremiah 6.6 (Douay-Rheims) - 0,Part 1 of Jeremiah 6.6: For thus saith the Lord of hosts:,TRUE
Jeremiah 9.7 (Douay-Rheims) - 0,Part 1 of Jeremiah 9.7: Therefore thus saith the Lord of hosts:,TRUE
Ezekiel 26.14 (Douay-Rheims) - 1,"Part 2 of Ezekiel 26.14: for I have spoken it, saith. the Lord God.",FALSE
Jeremiah 13.1 (AKJV) - 0,Part 1 of Jeremiah 13.1: Thus saith the Lord vnto me;,TRUE
Exodus 29.46 (AKJV) - 1,Part 2 of Exodus 29.46: I am the Lord their God.,FALSE
Exodus 29.46 (Geneva) - 1,Part 2 of Exodus 29.46: I am the Lord their God.,FALSE
2 Paralipomenon 18.31 (Douay-Rheims) - 1,Part 2 of 2 Paralipomenon 18.31: This is the king of Israel.,FALSE
Ezekiel 34.20 (Vulgate) - 0,Part 1 of Ezekiel 34.20: Propterea hæc dicit Dominus Deus ad vos:,TRUE
Acts 2.16 (AKJV),"Acts 2.16 But this is that which was spoken by the Prophet Ioel,",TRUE
Acts 2.16 (Geneva),"Acts 2.16 But this is that, which was spoken by the Prophet Ioel,",TRUE
Acts 2.16 (Vulgate),Acts 2.16 sed hoc est quod dictum est per prophetam Joël:,TRUE
Acts 2.16 (Tyndale),Acts 2.16 But this is that which was spoken by the Prophete Iohel:,TRUE
Matthew 3.3 (ODRV) - 0,"Part 1 of Matthew 3.3: For this is he that was spoken of by Esay the Prophet, saying:",FALSE
Matthew 2.5 (AKJV) - 1,Part 2 of Matthew 2.5: For thus it is written by the Prophet;,TRUE
Matthew 12.17 (Tyndale),Matthew 12.17 to fulfyll that which was spoden by Esay the Prophet which sayeth.,TRUE
Mark 1.2 (Vulgate) - 0,Part 1 of Mark 1.2: Sicut scriptum est in Isaia propheta:,TRUE
Matthew 3.3 (Tyndale) - 0,Part 1 of Matthew 3.3: This is he of whom it is spoken by the Prophet Esay which sayeth:,FALSE
Matthew 2.5 (Geneva) - 1,"Part 2 of Matthew 2.5: for so it is written by the Prophet,",TRUE
Ezekiel 25.1 (AKJV),"Ezekiel 25.1 The word of the Lord came againe vnto me, saying;",TRUE
Ezekiel 23.1 (Geneva),"Ezekiel 23.1 The worde of the Lord came againe vnto me, saying,",TRUE
Ezekiel 25.1 (Geneva),"Ezekiel 25.1 The worde of the Lord came againe vnto me, saying,",TRUE
Ezekiel 27.1 (Geneva),"Ezekiel 27.1 The worde of the Lord came againe vnto me, saying,",TRUE
Ezekiel 30.1 (Geneva),"Ezekiel 30.1 The worde of the Lord came againe vnto me, saying,",TRUE
Ezekiel 14.12 (AKJV),"Ezekiel 14.12 The word of the Lord came againe to me, saying,",TRUE
Ezekiel 18.1 (Geneva),"Ezekiel 18.1 The worde of the Lord came vnto me againe, saying,",TRUE
Ezekiel 21.18 (AKJV),"Ezekiel 21.18 The word of the Lord came vnto me againe, saying,",TRUE
Ezekiel 37.15 (AKJV),"Ezekiel 37.15 The word of the Lord came againe vnto me, saying;",TRUE
Ezekiel 14.12 (Geneva),"Ezekiel 14.12 The worde of the Lord came againe vnto me, saying,",TRUE
Ezekiel 21.1 (Geneva),"Ezekiel 21.1 The word of ye Lord came to me againe, saying,",TRUE
Ezekiel 12.26 (Geneva),"Ezekiel 12.26 Againe the word of the Lord came vnto me, saying,",TRUE
Ezekiel 21.8 (Geneva),"Ezekiel 21.8 Againe, the word of the Lord came vnto me, saying,",TRUE
Ezekiel 21.8 (AKJV),"Ezekiel 21.8 Againe, the word of the Lord came vnto me, saying,",TRUE
Ezekiel 11.14 (AKJV),"Ezekiel 11.14 Againe the word of the Lord came vnto me, saying;",TRUE
Ezekiel 28.20 (AKJV),"Ezekiel 28.20 Againe the word of the Lord came vnto me, saying;",TRUE
Ezekiel 16.1 (AKJV),"Ezekiel 16.1 Againe the worde of the Lord came vnto me, saying;",TRUE
Ezekiel 11.14 (Geneva),"Ezekiel 11.14 Againe the worde of the Lord came vnto me, saying,",TRUE
Ezekiel 21.18 (Geneva),"Ezekiel 21.18 The worde of the Lord came vnto mee againe, saying,",TRUE
Ezekiel 6.1 (Geneva),"Ezekiel 6.1 Again the worde of the Lord came vnto me, saying,",TRUE
Ezekiel 28.20 (Geneva),"Ezekiel 28.20 Againe, the worde of the Lord came vnto me, saying,",TRUE
Ezekiel 12.26 (AKJV),"Ezekiel 12.26 Againe the word of the Lord came to me, saying;",TRUE
Ezekiel 16.1 (Geneva),"Ezekiel 16.1 Again, the worde of the Lord came vnto me, saying,",TRUE
Ezekiel 33.23 (Geneva),"Ezekiel 33.23 Againe the worde of the Lord came vnto me, and saide,",TRUE
Ezekiel 12.1 (AKJV),"Ezekiel 12.1 The word of the Lord also came vnto me, saying;",TRUE
Ezekiel 12.1 (Geneva),"Ezekiel 12.1 The worde of the Lord also came vnto me, saying,",TRUE
Ezekiel 22.1 (Geneva),"Ezekiel 22.1 Moreover, the worde of the Lord came vnto me, saying,",TRUE
Ezekiel 7.1 (Geneva),"Ezekiel 7.1 Moreover the word of the Lord came vnto me, saying,",TRUE
Ezekiel 33.1 (Geneva),"Ezekiel 33.1 Again, the woorde of the Lord came vnto me, saying,",TRUE
Ezekiel 22.1 (AKJV),"Ezekiel 22.1 Moreouer the word of the Lord came vnto me, saying;",TRUE
Ezekiel 22.23 (AKJV),"Ezekiel 22.23 And the word of the Lord came vnto me, saying,",TRUE
Ezekiel 20.2 (AKJV),"Ezekiel 20.2 Then came the word of the Lord vnto me, saying,",TRUE
Ezekiel 22.23 (Geneva),"Ezekiel 22.23 And the worde of the Lord came vnto me, saying,",TRUE
Ezekiel 27.1 (AKJV),"Ezekiel 27.1 The word of the Lord came againe vnto mee, saying,",TRUE
Ezekiel 12.21 (AKJV),"Ezekiel 12.21 And the word of the Lord came vnto me, saying;",TRUE
Ezekiel 12.21 (Geneva),"Ezekiel 12.21 And the worde of the Lord came vnto me, saying,",TRUE
Ezekiel 24.15 (AKJV),"Ezekiel 24.15 Also the word of the Lord came vnto me, saying;",TRUE
Ezekiel 22.17 (Geneva),"Ezekiel 22.17 And the worde of the Lord came vnto me, saying,",TRUE
Ezekiel 20.2 (Geneva),"Ezekiel 20.2 Then came the worde of the Lord vnto me, saying,",TRUE
Ezekiel 12.17 (Geneva),"Ezekiel 12.17 Moreouer, the worde of the Lord came vnto me, saying,",TRUE
Ezekiel 22.17 (AKJV),"Ezekiel 22.17 And the word of the Lord came vnto me, saying,",TRUE
Ezekiel 17.11 (Geneva),"Ezekiel 17.11 Moreouer, the worde of the Lord came vnto me, saying,",TRUE
Ezekiel 17.11 (AKJV),"Ezekiel 17.11 Moreouer the word of the Lord came vnto me, saying,",TRUE
Ezekiel 36.16 (Geneva),"Ezekiel 36.16 Moreouer the word of the Lord came vnto me, saying,",TRUE
Ezekiel 28.11 (Geneva),"Ezekiel 28.11 Moreouer the word of the Lord came vnto me, saying,",TRUE
Ezekiel 20.45 (Geneva),"Ezekiel 20.45 Moreouer, the worde of the Lord came vnto me, saying,",TRUE
Ezekiel 20.45 (AKJV),"Ezekiel 20.45 Moreouer, the worde of the Lord came vnto me, saying,",TRUE
Ezekiel 28.11 (AKJV),"Ezekiel 28.11 Moreouer the word of the Lord came vnto me, saying;",TRUE
Ezekiel 33.23 (Douay-Rheims),"Ezekiel 33.23 And the word of the Lord came to me, saying:",TRUE
Ezekiel 22.23 (Douay-Rheims),"Ezekiel 22.23 And the word of the Lord came to me, saying:",TRUE
Ezekiel 12.17 (AKJV),"Ezekiel 12.17 Moreouer, the worde of the Lord came to me, saying;",TRUE
Ezekiel 36.16 (AKJV),"Ezekiel 36.16 Moreouer the worde of the Lord came vnto me, saying,",TRUE
Ezekiel 12.21 (Douay-Rheims),"Ezekiel 12.21 And the word of the Lord came to me, saying:",TRUE
Ezekiel 14.2 (Geneva),"Ezekiel 14.2 And the worde of the Lord came vnto me, saying,",TRUE
Ezekiel 21.8 (Douay-Rheims),"Ezekiel 21.8 And the word of the Lord came to me, saying:",TRUE
Ezekiel 21.18 (Douay-Rheims),"Ezekiel 21.18 And the word of the Lord came to me, saying:",TRUE
Ezekiel 12.26 (Douay-Rheims),"Ezekiel 12.26 And the word of the Lord came to me, saying:",TRUE
Ezekiel 28.20 (Douay-Rheims),"Ezekiel 28.20 And the word of the Lord came to me, saying:",TRUE
Ezekiel 12.17 (Douay-Rheims),"Ezekiel 12.17 And the word of the Lord came to me, saying:",TRUE
Ezekiel 36.16 (Douay-Rheims),"Ezekiel 36.16 And the word of the Lord came to me, saying:",TRUE
Ezekiel 22.17 (Douay-Rheims),"Ezekiel 22.17 And the word of the Lord came to me, saying:",TRUE
Ezekiel 35.1 (AKJV),"Ezekiel 35.1 Moreouer the word of the Lord came vnto mee, saying;",TRUE
Ezekiel 14.2 (AKJV),"Ezekiel 14.2 And the word of the Lord came vnto me, saying,",TRUE
Ezekiel 14.12 (Douay-Rheims),"Ezekiel 14.12 And the word of the Lord came to me, saying:",TRUE
Ezekiel 35.1 (Geneva),"Ezekiel 35.1 Moveover the worde of the Lord came vnto me, saying,",TRUE
Ezekiel 24.15 (Douay-Rheims),"Ezekiel 24.15 And the word of the Lord came to me, saying:",TRUE
Ezekiel 7.1 (AKJV),"Ezekiel 7.1 Moreouer the word of the Lord came vnto mee, saying;",TRUE
Ezekiel 11.14 (Douay-Rheims),"Ezekiel 11.14 And the word of the Lord came to me, saying:",TRUE
Ezekiel 20.2 (Douay-Rheims),"Ezekiel 20.2 And the word of the Lord came to me, saying:",TRUE
Ezekiel 25.1 (Douay-Rheims),"Ezekiel 25.1 And the word of the Lord came to me, saying:",TRUE
Ezekiel 17.11 (Douay-Rheims),"Ezekiel 17.11 And the word of the Lord came to me, saying:",TRUE
Ezekiel 37.15 (Douay-Rheims),"Ezekiel 37.15 And the word of the Lord came to me, saying:",TRUE
Ezekiel 12.1 (Douay-Rheims),"Ezekiel 12.1 And the word of the Lord came to me, saying:",TRUE
Ezekiel 30.1 (Douay-Rheims),"Ezekiel 30.1 And the word of the Lord came to me, saying:",TRUE
Ezekiel 23.1 (Douay-Rheims),"Ezekiel 23.1 And the word of the Lord came to me, saying:",TRUE
Ezekiel 34.1 (Geneva),"Ezekiel 34.1 And the word of the Lord came vnto me, saying,",TRUE
Ezekiel 21.1 (Douay-Rheims),"Ezekiel 21.1 And the word of the Lord came to me, saying:",TRUE
Ezekiel 22.1 (Douay-Rheims),"Ezekiel 22.1 And the word of the Lord came to me, saying:",TRUE
Ezekiel 20.45 (Douay-Rheims),"Ezekiel 20.45 And the word of the Lord came to me, saying:",TRUE
Ezekiel 35.1 (Douay-Rheims),"Ezekiel 35.1 And the word of the Lord came to me, saying:",TRUE
Ezekiel 34.1 (Douay-Rheims),"Ezekiel 34.1 And the word of the Lord came to me, saying:",TRUE
Ezekiel 13.1 (Geneva),"Ezekiel 13.1 And the word of the Lord came vnto me, saying,",TRUE
Ezekiel 33.1 (Douay-Rheims),"Ezekiel 33.1 And the word of the Lord came to me, saying:",TRUE
Ezekiel 27.1 (Douay-Rheims),"Ezekiel 27.1 And the word of the Lord came to me, saying:",TRUE
Ezekiel 14.2 (Douay-Rheims),"Ezekiel 14.2 And the word of the Lord came to me, saying:",TRUE
Ezekiel 28.1 (Douay-Rheims),"Ezekiel 28.1 And the word of the Lord came to me, saying:",TRUE
Ezekiel 13.1 (Douay-Rheims),"Ezekiel 13.1 And the word of the Lord came to me, saying:",TRUE
Ezekiel 7.1 (Douay-Rheims),"Ezekiel 7.1 And the word of the Lord came to me, saying:",TRUE
Ezekiel 24.15 (Geneva),"Ezekiel 24.15 Also the worde of ye Lord came vnto me, saying,",TRUE
Ezekiel 6.1 (Douay-Rheims),"Ezekiel 6.1 And the word of the Lord came to me, saying:",TRUE
Ezekiel 16.1 (Douay-Rheims),"Ezekiel 16.1 And the word of the Lord came to me, saying:",TRUE
Ezekiel 38.1 (Douay-Rheims),"Ezekiel 38.1 And the word of the Lord came to me, saying:",TRUE
Ezekiel 15.1 (Douay-Rheims),"Ezekiel 15.1 And the word of the Lord came to me, saying:",TRUE
Ezekiel 17.1 (Douay-Rheims),"Ezekiel 17.1 And the word of the Lord came to me, saying:",TRUE
Ezekiel 33.1 (AKJV),"Ezekiel 33.1 Againe the worde of the Lord came vnto mee, saying,",TRUE
Ezekiel 15.1 (Geneva),"Ezekiel 15.1 And thee word of the Lord came vnto me, saying,",TRUE
Ezekiel 18.1 (AKJV),"Ezekiel 18.1 And the word of &thorn; Lord came vnto me againe, saying;",TRUE
Ezekiel 3.16 (Geneva),"Ezekiel 3.16 And at the ende of seuen dayes, the worde of the Lord came againe vnto me, saying,",FALSE
Ezekiel 12.8 (Douay-Rheims),"Ezekiel 12.8 And the word of the Lord came to me in the morning, saying:",TRUE
Ezekiel 12.8 (Geneva),"Ezekiel 12.8 And in the morning came the word of the Lord vnto me, saying,",TRUE
Ezekiel 12.8 (AKJV),"Ezekiel 12.8 And in the morning came the word of the Lord vnto me, saying,",TRUE
Ezekiel 24.20 (Geneva),"Ezekiel 24.20 Then I answered them, The worde of the Lord came vnto me, saying,",TRUE
Ezekiel 28.11 (Douay-Rheims) - 0,"Part 1 of Ezekiel 28.11: And the word of the Lord came to me, saying:",TRUE
Ezekiel 24.20 (AKJV),"Ezekiel 24.20 Then I answered them, The word of the Lord came vnto me, saying;",TRUE
Ezekiel 21.1 (AKJV),"Ezekiel 21.1 And the word of &thorn; Lord came vnto me, saying,",TRUE
Ezekiel 34.1 (AKJV),"Ezekiel 34.1 And the word of &thorn; Lord came vnto me, saying;",TRUE
Ezekiel 18.1 (Douay-Rheims),"Ezekiel 18.1 And the word of the Lord came to me, saying: What is the meaning?",FALSE
Ezekiel 38.1 (AKJV),"Ezekiel 38.1 And the word of &thorn; Lord came vnto me, saying;",TRUE
Ezekiel 29.17 (Douay-Rheims) - 1,"Part 2 of Ezekiel 29.17: that the word of the Lord came to me, saying:",TRUE
Ezekiel 15.1 (AKJV),"Ezekiel 15.1 And the word of &thorn; Lord came vnto me, saying.",TRUE
Jeremiah 32.6 (Geneva),"Jeremiah 32.6 And Ieremiah said, The word of the Lord came vnto me, saying,",TRUE
Jeremiah 32.6 (AKJV),"Jeremiah 32.6 And Ieremiah said; The word of the Lord came vnto me, saying;",TRUE
Jeremiah 18.5 (Douay-Rheims),"Jeremiah 18.5 Then the word of the Lord came to me, saying:",TRUE
Jeremiah 2.1 (Geneva),"Jeremiah 2.1 Moreover, the woorde of the Lord came vnto me, saying,",TRUE
Jeremiah 18.5 (AKJV),"Jeremiah 18.5 Then the word of the Lord came to me, saying,",TRUE
Ezekiel 24.20 (Douay-Rheims),"Ezekiel 24.20 And I said to them: The word of the Lord came to me, saying:",TRUE
Ezekiel 3.16 (Douay-Rheims),"Ezekiel 3.16 And at the end of seven days the word of the Lord came to me, saying:",TRUE
Ezekiel 32.17 (Geneva),"Ezekiel 32.17 In the twelfth yeere also in the fifteenth day of the moneth, came the worde of the Lord vnto me, saying,",FALSE
Jeremiah 32.6 (Douay-Rheims),"Jeremiah 32.6 And Jeremias said: The word of the Lord came to me, saying:",TRUE
Jeremiah 1.11 (Geneva) - 0,"Part 1 of Jeremiah 1.11: After this the worde of the Lord came vnto me, saying, Ieremiah, what seest thou?",FALSE
Ezekiel 3.16 (AKJV),"Ezekiel 3.16 And it came to passe at the end of seuen dayes, that the word of the Lord came vnto me, saying;",FALSE
Jeremiah 37.6 (Geneva),"Jeremiah 37.6 Then came the worde of the Lord vnto the Prophet Ieremiah, saying,",TRUE
Jeremiah 29.30 (AKJV),"Jeremiah 29.30 Then came the word of the Lord vnto Ieremiah, saying;",TRUE
Jeremiah 37.6 (AKJV),"Jeremiah 37.6 Then came the word of the Lord vnto the Prophet Ieremiah, saying,",TRUE
Jeremiah 1.4 (Geneva),"Jeremiah 1.4 Then the worde of the Lord came vnto me, saying,",TRUE
Jeremiah 33.23 (Geneva),"Jeremiah 33.23 Moreouer, the worde of the Lord came to Ieremiah, saying,",TRUE
Jeremiah 18.5 (Geneva),"Jeremiah 18.5 Then the worde of the Lord came vnto me, saying,",TRUE
Jeremiah 33.23 (AKJV),"Jeremiah 33.23 Moreouer, the word of the Lord came to Ieremiah, saying;",TRUE
Ezekiel 23.36 (Douay-Rheims) - 0,"Part 1 of Ezekiel 23.36: And the Lord spoke to me, saying:",TRUE
Jeremiah 13.8 (AKJV),"Jeremiah 13.8 Then the word of the Lord came vnto me, saying;",TRUE
Jeremiah 13.8 (Douay-Rheims),"Jeremiah 13.8 And the word of the Lord came to me, saying:",TRUE
Isaiah 38.4 (Geneva),"Isaiah 38.4 Then came the worde of the Lord to Isaiah, saying,",TRUE
Ezekiel 23.36 (Vulgate) - 0,"Part 1 of Ezekiel 23.36: Et ait Dominus ad me, dicens:",TRUE
Jeremiah 48.1 (Douay-Rheims) - 0,Part 1 of Jeremiah 48.1: Against Moab thus saith the Lord of hosts the God of Israel:,TRUE
Jeremiah 44.25 (Vulgate) - 0,"Part 1 of Jeremiah 44.25: Hæc inquit Dominus exercituum, Deus Israël, dicens:",TRUE
Jeremiah 43.10 (AKJV) - 0,"Part 1 of Jeremiah 43.10: And say vnto them, Thus saieth the Lord of hosts the God of Israel;",TRUE
Jeremiah 35.19 (Vulgate) - 0,"Part 1 of Jeremiah 35.19: propterea hæc dicit Dominus exercituum, Deus Israël:",TRUE
Jeremiah 50.18 (Vulgate) - 0,"Part 1 of Jeremiah 50.18: Propterea hæc dicit Dominus exercituum, Deus Israël:",TRUE
Amos 5.4 (Douay-Rheims) - 0,Part 1 of Amos 5.4: For thus saith the Lord to the house of Israel:,TRUE
Jeremiah 45.2 (Douay-Rheims),"Jeremiah 45.2 Thus saith the Lord the God of Israel to thee, Baruch:",TRUE
Isaiah 10.24 (Douay-Rheims) - 0,"Part 1 of Isaiah 10.24: Therefore, thus saith the Lord the God of hosts:",TRUE
Jeremiah 25.8 (AKJV) - 0,Part 1 of Jeremiah 25.8: Therefore thus saith the Lord of hostes;,TRUE
Isaiah 21.17 (Douay-Rheims) - 1,Part 2 of Isaiah 21.17: for the Lord the God of Israel hath spoken it.,TRUE
Isaiah 21.17 (AKJV) - 1,Part 2 of Isaiah 21.17: for the Lord God of Israel hath spoken it.,TRUE
Isaiah 21.17 (Geneva) - 1,Part 2 of Isaiah 21.17: for the Lord God of Israel hath spoken it.,TRUE
Isaiah 45.11 (Douay-Rheims) - 0,"Part 1 of Isaiah 45.11: Thus saith the Lord the Holy One of Israel, his maker:",TRUE
Amos 5.16 (Douay-Rheims) - 0,Part 1 of Amos 5.16: Therefore thus saith the Lord the God of hosts the sovereign Lord:,TRUE
Ezekiel 26.15 (Douay-Rheims) - 0,Part 1 of Ezekiel 26.15: Thus saith the Lord God to Tyre:,TRUE
Jeremiah 9.7 (AKJV) - 0,Part 1 of Jeremiah 9.7: Therfore thus saith the Lord of hostes;,TRUE
Jeremiah 5.14 (AKJV) - 0,Part 1 of Jeremiah 5.14: Wherfore thus saith the Lord God of Hostes;,TRUE
Isaiah 30.12 (Douay-Rheims) - 0,Part 1 of Isaiah 30.12: Therefore thus saith the Holy One of Israel:,TRUE
Jeremiah 13.1 (Douay-Rheims) - 0,Part 1 of Jeremiah 13.1: Thus saith the Lord to me:,TRUE
Jeremiah 45.2 (AKJV),"Jeremiah 45.2 Thus saith the Lord the God of Israel vnto thee, O Baruch,",TRUE
Ezekiel 20.39 (Vulgate) - 0,"Part 1 of Ezekiel 20.39: Et vos, domus Israël, hæc dicit Dominus Deus:",TRUE
Jeremiah 1.4 (Douay-Rheims),"Jeremiah 1.4 And the word of the Lord came to me, saying:",TRUE
Jeremiah 24.4 (Geneva),"Jeremiah 24.4 Againe the worde of the Lord came vnto me, saying,",TRUE
Jeremiah 24.4 (Douay-Rheims),"Jeremiah 24.4 And the word of the Lord came to me, saying:",TRUE
Zechariah 4.8 (AKJV),"Zechariah 4.8 Moreouer the word of the Lord came vnto me, saying;",TRUE
Zechariah 4.8 (Geneva),"Zechariah 4.8 Moreouer, the word of the Lord came vnto me, saying,",TRUE
Jeremiah 2.1 (Douay-Rheims),"Jeremiah 2.1 And the word of the Lord came to me, saying:",TRUE
Jeremiah 16.1 (AKJV),"Jeremiah 16.1 The word of the Lord came also vnto me, saying;",TRUE
Zechariah 6.9 (Geneva),"Zechariah 6.9 And the worde of the Lord came vnto me, saying,",TRUE
Jeremiah 16.1 (Douay-Rheims),"Jeremiah 16.1 And the word of the Lord came to me, saying:",TRUE
Zechariah 6.9 (AKJV),"Zechariah 6.9 And the word of the Lord came vnto me, saying,",TRUE
Zechariah 4.8 (Douay-Rheims),"Zechariah 4.8 And the word of the Lord came to me, saying:",TRUE
Jeremiah 1.11 (AKJV) - 0,"Part 1 of Jeremiah 1.11: Moreouer, the word of the Lord came vnto me, saying;",TRUE
Zechariah 6.9 (Douay-Rheims),"Zechariah 6.9 And the word of the Lord came to me, saying:",TRUE
Jeremiah 2.1 (AKJV),"Jeremiah 2.1 Moreouer, the word of the Lord came to me, saying;",TRUE
Isaiah 38.4 (AKJV),"Isaiah 38.4 Then came the word of the Lord to Isaiah, saying,",TRUE
Jeremiah 24.4 (AKJV),"Jeremiah 24.4 Againe, the word of the Lord came vnto me, saying;",TRUE
Zechariah 7.4 (AKJV),"Zechariah 7.4 Then came the word of the Lord of hosts vnto me, saying,",TRUE
Jeremiah 34.12 (Douay-Rheims),"Jeremiah 34.12 And the word of the Lord came to Jeremias from the Lord, saying:",TRUE
2 Esdras 1.4 (AKJV),"2 Esdras 1.4 And the word of the Lord came vnto me, saying,",TRUE
Zechariah 7.4 (Douay-Rheims),"Zechariah 7.4 And the word of the Lord of hosts came to me, saying:",TRUE
Zechariah 8.18 (Douay-Rheims),"Zechariah 8.18 And the word of the Lord of hosts came to me, saying:",TRUE
Zechariah 8.1 (Douay-Rheims),"Zechariah 8.1 And the word of the Lord of hosts came to me, saying:",TRUE
Zechariah 7.8 (Geneva),"Zechariah 7.8 And the worde of the Lord came vnto Zechariah, saying,",TRUE
Jeremiah 34.12 (Vulgate),"Jeremiah 34.12 Et factum est verbum Domini ad Jeremiam a Domino, dicens:",TRUE
Zechariah 7.4 (Geneva),"Zechariah 7.4 Then came the word of the Lord of hostes vnto me, saying,",TRUE
Jeremiah 43.8 (AKJV),"Jeremiah 43.8 Then came the word of the Lord vnto Ieremiah in Tahpanhes, saying;",FALSE
Zechariah 8.1 (Geneva),"Zechariah 8.1 Againe the worde of the Lord of hostes came to me, saying,",TRUE
Zechariah 7.8 (AKJV),"Zechariah 7.8 And the word of the Lord came vnto Zechariah, saying;",FALSE
Isaiah 38.4 (Douay-Rheims),"Isaiah 38.4 And the word of the Lord came to Isaias, saying:",FALSE
Jeremiah 43.8 (Geneva),"Jeremiah 43.8 Then came the worde of the Lord vnto Ieremiah in Tahpanhes, saying,",TRUE
Zechariah 8.1 (AKJV),"Zechariah 8.1 Againe the word of the Lord of hostes came to me, saying;",TRUE
Jeremiah 35.12 (Vulgate),"Jeremiah 35.12 Et factum est verbum Domini ad Jeremiam, dicens:",TRUE
Jeremiah 29.30 (Vulgate),"Jeremiah 29.30 Et factum est verbum Domini ad Jeremiam, dicens:",TRUE
Jeremiah 33.19 (Vulgate),"Jeremiah 33.19 Et factum est verbum Domini ad Jeremiam, dicens:",TRUE
Jeremiah 33.23 (Vulgate),"Jeremiah 33.23 Et factum est verbum Domini ad Jeremiam, dicens:",TRUE
Jeremiah 32.26 (Vulgate),"Jeremiah 32.26 Et factum est verbum Domini ad Jeremiam, dicens:",TRUE
1 Paralipomenon 22.8 (Douay-Rheims) - 0,"Part 1 of 1 Paralipomenon 22.8: But the word of the Lord came to me, saying:",TRUE
Haggai 1.3 (AKJV),"Haggai 1.3 Then came the word of the Lord by Haggai the prophet, saying;",TRUE
Zechariah 8.18 (Geneva),"Zechariah 8.18 And the worde of the Lord of hostes came vnto me, saying,",TRUE
Jeremiah 11.1 (AKJV),"Jeremiah 11.1 The word that came to Ieremiah from the Lord, saying,",TRUE
Jeremiah 7.1 (AKJV),"Jeremiah 7.1 The word that came to Ieremiah from the Lord, saying,",TRUE
Jeremiah 30.1 (AKJV),"Jeremiah 30.1 The word that came to Ieremiah from the Lord, saying,",TRUE
Jeremiah 18.1 (Douay-Rheims),"Jeremiah 18.1 The word that came from Jeremias to the Lord, saying:",TRUE
Jeremiah 18.1 (Geneva),"Jeremiah 18.1 The worde which came to Ieremiah from the Lord, saying,",TRUE
Jeremiah 30.1 (Douay-Rheims),"Jeremiah 30.1 This is the word that came to Jeremias from the Lord, saying:",TRUE
Jeremiah 11.1 (Vulgate),"Jeremiah 11.1 Verbum quod factum est a Domino ad Jeremiam, dicens:",TRUE
Jeremiah 7.1 (Geneva),"Jeremiah 7.1 The woordes that came to Ieremiah from the Lord, saying,",TRUE
Jeremiah 18.1 (Vulgate),"Jeremiah 18.1 Verbum quod factum est ad Jeremiam a Domino, dicens:",TRUE
Jeremiah 7.1 (Vulgate),"Jeremiah 7.1 Verbum quod factum est ad Jeremiam a Domino, dicens:",TRUE
Jeremiah 18.1 (AKJV),"Jeremiah 18.1 The word which came to Ieremiah from &thorn; Lord saying,",TRUE
Jeremiah 14.1 (Geneva),"Jeremiah 14.1 The worde of the Lord that came vnto Ieremiah, concerning the dearth.",FALSE
Jeremiah 14.1 (AKJV),Jeremiah 14.1 The word of the Lord that came to Ieremiah concerning the dearth.,FALSE
Jeremiah 14.1 (Vulgate),"Jeremiah 14.1 Quod factum est verbum Domini ad Jeremiam, de sermonibus siccitatis.",FALSE
Jeremiah 46.1 (Douay-Rheims),"Jeremiah 46.1 The word of the Lord that came to Jeremias the prophet against the Gentiles,",FALSE
Jeremiah 46.1 (AKJV),"Jeremiah 46.1 The word of the Lord which came to Ieremiah the Prophet, against the Gentiles,",FALSE
Jeremiah 46.1 (Geneva),"Jeremiah 46.1 The wordes of the Lord, which came to Ieremiah the Prophet against the Gentiles,",FALSE
Jeremiah 14.1 (Douay-Rheims),Jeremiah 14.1 The Word of the Lord that came to Jeremias concerning the words of the drought.,FALSE
Amos 3.11 (Douay-Rheims) - 0,Part 1 of Amos 3.11: Therefore thus saith the Lord God:,TRUE
Jeremiah 23.15 (Douay-Rheims) - 0,Part 1 of Jeremiah 23.15: Therefore thus saith the Lord of hosts to the prophets:,TRUE
Ezekiel 13.20 (Vulgate) - 0,Part 1 of Ezekiel 13.20: Propter hoc hæc dicit Dominus Deus:,TRUE
Amos 5.3 (Douay-Rheims) - 0,Part 1 of Amos 5.3: For thus saith the Lord God:,TRUE
Jeremiah 45.2 (Geneva),"Jeremiah 45.2 Thus sayeth the Lord God of Israel vnto thee, O Baruch,",TRUE
Jeremiah 45.2 (Vulgate),"Jeremiah 45.2 Hæc dicit Dominus Deus Israël ad te, Baruch:",TRUE
Jeremiah 23.15 (AKJV) - 0,Part 1 of Jeremiah 23.15: Therefore thus saith the Lord of hosts concerning the Prophets;,TRUE
Ezekiel 11.17 (AKJV) - 0,"Part 1 of Ezekiel 11.17: Therefore say, Thus saith the Lord God;",TRUE
Ezekiel 11.16 (AKJV) - 0,"Part 1 of Ezekiel 11.16: Therefore say, Thus sayth the Lord God;",TRUE
Ezekiel 12.23 (AKJV) - 0,"Part 1 of Ezekiel 12.23: Tell them therefore, Thus sayth the Lord God;",TRUE
Ezekiel 5.5 (Geneva) - 0,"Part 1 of Ezekiel 5.5: Thus saith the Lord God, This is Ierusalem:",TRUE
Jeremiah 23.2 (AKJV) - 0,Part 1 of Jeremiah 23.2: Therefore thus saith the Lord God of Israel against the pastors that feed my people;,FALSE
Jeremiah 6.6 (AKJV) - 0,Part 1 of Jeremiah 6.6: For thus hath the Lord of hostes said;,TRUE
Jeremiah 49.7 (Geneva) - 0,Part 1 of Jeremiah 49.7: To Edom thus sayeth the Lord of hostes:,TRUE
Jeremiah 4.27 (AKJV) - 0,Part 1 of Jeremiah 4.27: For thus hath the Lord said;,TRUE
Isaiah 21.16 (Douay-Rheims) - 0,Part 1 of Isaiah 21.16: For thus saith the Lord to me:,TRUE
Isaiah 31.4 (Douay-Rheims) - 0,Part 1 of Isaiah 31.4: For thus saith the Lord to me:,TRUE
Isaiah 18.4 (Douay-Rheims) - 0,Part 1 of Isaiah 18.4: For thus saith the Lord to me:,TRUE
Zechariah 11.4 (AKJV) - 0,Part 1 of Zechariah 11.4: Thus saith the Lord my God;,TRUE
Jeremiah 49.1 (AKJV) - 0,"Part 1 of Jeremiah 49.1: Concerning the Ammonites, thus sayth the Lord;",TRUE
Zechariah 8.18 (AKJV),"Zechariah 8.18 And the word of the Lord of hostes came vnto me, saying,",TRUE
Isaiah 1.24 (Douay-Rheims) - 0,"Part 1 of Isaiah 1.24: Therefore saith the Lord the God of hosts, the mighty one of Israel:",TRUE
Zechariah 8.19 (AKJV) - 0,Part 1 of Zechariah 8.19: Thus saith the Lord of hosts;,TRUE
Zechariah 8.23 (Douay-Rheims) - 0,Part 1 of Zechariah 8.23: Thus saith the Lord of hosts:,TRUE
Zechariah 8.19 (Douay-Rheims) - 0,Part 1 of Zechariah 8.19: Thus saith the Lord of hosts:,TRUE
Zechariah 8.4 (AKJV) - 0,Part 1 of Zechariah 8.4: Thus saith the Lord of hosts;,TRUE
Zechariah 8.2 (Douay-Rheims) - 0,Part 1 of Zechariah 8.2: Thus saith the Lord of hosts:,TRUE
Zechariah 8.3 (Douay-Rheims) - 0,Part 1 of Zechariah 8.3: Thus saith the Lord of hosts:,TRUE
Zechariah 8.14 (Douay-Rheims) - 0,Part 1 of Zechariah 8.14: For thus saith the Lord of hosts:,TRUE
Zechariah 8.4 (Douay-Rheims) - 0,Part 1 of Zechariah 8.4: Thus saith the Lord of hosts:,TRUE
Haggai 2.12 (Douay-Rheims) - 0,Part 1 of Haggai 2.12: Thus saith the Lord of hosts:,TRUE
Zechariah 3.7 (Douay-Rheims) - 0,Part 1 of Zechariah 3.7: Thus saith the Lord of hosts:,TRUE
Zechariah 7.9 (Douay-Rheims) - 0,"Part 1 of Zechariah 7.9: Thus saith the Lord of hosts, saying:",TRUE
Zechariah 6.12 (Douay-Rheims) - 1,"Part 2 of Zechariah 6.12: Thus saith the Lord of hosts, saying:",TRUE
Zechariah 1.14 (Douay-Rheims) - 2,Part 3 of Zechariah 1.14: Thus saith the Lord of hosts:,TRUE
Amos 5.16 (AKJV) - 0,"Part 1 of Amos 5.16: Therefore the Lord, the God of hostes, the Lord saith thus:",TRUE
Zechariah 2.8 (Douay-Rheims) - 0,Part 1 of Zechariah 2.8: For thus saith the Lord of hosts:,TRUE
Zechariah 8.6 (Douay-Rheims) - 0,Part 1 of Zechariah 8.6: Thus saith the Lord of hosts:,TRUE
Zechariah 1.4 (Douay-Rheims) - 1,Part 2 of Zechariah 1.4: Thus saith the Lord of hosts:,TRUE
Zechariah 8.9 (Douay-Rheims) - 0,Part 1 of Zechariah 8.9: Thus saith the Lord of hosts:,TRUE
Zechariah 8.7 (Douay-Rheims) - 0,Part 1 of Zechariah 8.7: Thus saith the Lord of hosts:,TRUE
Zechariah 1.3 (Douay-Rheims) - 1,Part 2 of Zechariah 1.3: Thus saith the Lord of hosts:,TRUE
Haggai 2.7 (Douay-Rheims) - 0,Part 1 of Haggai 2.7: For thus saith the Lord of hosts:,TRUE
Haggai 1.2 (Douay-Rheims) - 0,"Part 1 of Haggai 1.2: Thus saith the Lord of hosts, saying:",TRUE
Haggai 1.7 (Douay-Rheims) - 0,Part 1 of Haggai 1.7: Thus saith the Lord of hosts:,TRUE
Isaiah 1.24 (AKJV) - 0,"Part 1 of Isaiah 1.24: Therefore, saith the Lord, the Lord of hostes, the mighty one of Israel;",TRUE
Haggai 1.5 (Douay-Rheims) - 0,Part 1 of Haggai 1.5: And now thus saith the Lord of hosts:,TRUE
Jeremiah 48.15 (Douay-Rheims) - 2,"Part 3 of Jeremiah 48.15: saith the king, whose name is the Lord of hosts.",TRUE
Haggai 1.2 (AKJV) - 0,"Part 1 of Haggai 1.2: Thus speaketh the Lord of hostes, saying;",TRUE
Jeremiah 51.14 (Douay-Rheims) - 0,"Part 1 of Jeremiah 51.14: The Lord of hosts hath sworn by himself, saying:",TRUE
Jeremiah 11.22 (AKJV) - 0,"Part 1 of Jeremiah 11.22: Therefore thus saith the Lord of hosts, Behold, I wil punish them:",FALSE
Isaiah 10.24 (Vulgate) - 0,"Part 1 of Isaiah 10.24: Propter hoc, hæc dicit Dominus Deus exercituum:",TRUE
Isaiah 14.24 (AKJV) - 0,"Part 1 of Isaiah 14.24: The Lord of hostes hath sworne, saying;",TRUE
Haggai 1.9 (Geneva) - 2,"Part 3 of Haggai 1.9: And why, sayth the Lord of hostes?",TRUE
Isaiah 5.9 (Geneva) - 0,"Part 1 of Isaiah 5.9: This is in mine cares, saith the Lord of hostes.",FALSE
Amos 6.8 (Douay-Rheims) - 0,"Part 1 of Amos 6.8: The Lord God hath sworn by his own soul, saith the Lord the God of hosts:",FALSE
Isaiah 1.24 (Vulgate) - 0,"Part 1 of Isaiah 1.24: Propter hoc ait Dominus, Deus exercituum, Fortis Israël:",TRUE
Isaiah 44.6 (Douay-Rheims) - 0,"Part 1 of Isaiah 44.6: Thus saith the Lord the king of Israel, and his redeemer the Lord of hosts:",TRUE
Zechariah 11.4 (Douay-Rheims) - 0,Part 1 of Zechariah 11.4: Thus saith the Lord my God:,TRUE
Jeremiah 51.19 (Douay-Rheims) - 2,Part 3 of Jeremiah 51.19: the Lord of hosts is his name.,TRUE
Isaiah 51.15 (Douay-Rheims) - 1,Part 2 of Isaiah 51.15: the Lord of hosts is my name.,TRUE
Jeremiah 11.22 (Geneva) - 0,"Part 1 of Jeremiah 11.22: Thus therefore sayth the Lord of hostes, Beholde, I will visite them:",TRUE
Isaiah 5.9 (Douay-Rheims) - 0,"Part 1 of Isaiah 5.9: These things are in my ears, saith the Lord of hosts:",TRUE
Jeremiah 10.16 (Douay-Rheims) - 3,Part 4 of Jeremiah 10.16: the Lord of hosts is his name.,TRUE
Amos 5.16 (Geneva) - 0,"Part 1 of Amos 5.16: Therfore the Lord God of hosts, the Lord saith thus, Mourning shalbe in all streetes:",FALSE
Zechariah 8.2 (AKJV) - 0,"Part 1 of Zechariah 8.2: Thus sayeth the Lord of hostes, I was iealous for Zion, with great iealousie;",FALSE
Amos 5.16 (Vulgate) - 0,"Part 1 of Amos 5.16: Propterea hæc dicit Dominus Deus exercituum, dominator:",TRUE
2 Kings 7.26 (Douay-Rheims) - 1,Part 2 of 2 Kings 7.26: The Lord of hosts is God over Israel.,TRUE
Jeremiah 51.19 (AKJV) - 1,Part 2 of Jeremiah 51.19: the Lord of hostes is his Name.,TRUE
Jeremiah 31.35 (Geneva) - 1,Part 2 of Jeremiah 31.35: his Name is the Lord of hostes.,TRUE
Jeremiah 51.19 (Geneva) - 2,Part 3 of Jeremiah 51.19: the Lord of hostes is his Name.,TRUE
Amos 6.8 (Vulgate) - 0,"Part 1 of Amos 6.8: Juravit Dominus Deus in anima sua, dicit Dominus Deus exercituum:",FALSE
Amos 4.13 (Douay-Rheims) - 1,Part 2 of Amos 4.13: the Lord the God of hosts is his name.,TRUE
Jeremiah 32.6 (Vulgate),"Jeremiah 32.6 Et dixit Jeremias: Factum est verbum Domini ad me, dicens:",TRUE
Jeremiah 43.8 (Douay-Rheims),"Jeremiah 43.8 And the word of the Lord came to Jeremias in Taphnis, saying:",FALSE
Jeremiah 43.8 (Vulgate),"Jeremiah 43.8 Et factus est sermo Domini ad Jeremiam in Taphnis, dicens:",FALSE
Jeremiah 10.16 (Geneva) - 2,Part 3 of Jeremiah 10.16: the Lord of hostes is his Name.,TRUE
Jeremiah 10.16 (AKJV) - 2,Part 3 of Jeremiah 10.16: the Lord of hostes is his Name.,TRUE
Amos 4.13 (AKJV) - 1,"Part 2 of Amos 4.13: the Lord, the God of hostes is his Name.",TRUE
Haggai 2.24 (Geneva) - 1,"Part 2 of Haggai 2.24: for I haue chosen thee, sayth the Lord of hostes.",TRUE
Isaiah 51.15 (Geneva) - 1,Part 2 of Isaiah 51.15: the Lord of hostes is his Name.,TRUE
Jeremiah 15.16 (AKJV) - 1,"Part 2 of Jeremiah 15.16: for I am called by thy Name, O Lord God of hostes.",TRUE
Haggai 2.5 (Geneva) - 2,"Part 3 of Haggai 2.5: for I am with you, sayth the Lord of hostes,",TRUE
Isaiah 51.15 (AKJV) - 1,Part 2 of Isaiah 51.15: the Lord of hosts is his Name.,TRUE
Jeremiah 28.12 (Geneva),"Jeremiah 28.12 Then the word of the Lord came vnto Ieremiah the Prophet, (after that Hananiah the Prophet had broken the yoke from the necke of the Prophet Ieremiah) saying,",FALSE
Haggai 1.3 (Geneva),"Haggai 1.3 Then came the worde of the Lord by the ministerie of the Prophet Haggai, saying,",FALSE
Isaiah 38.4 (Vulgate),"Isaiah 38.4 Et factum est verbum Domini ad Isaiam, dicens:",TRUE
Ezekiel 24.15 (Vulgate),"Ezekiel 24.15 Et factum est verbum Domini ad me, dicens:",TRUE
Ezekiel 22.23 (Vulgate),"Ezekiel 22.23 Et factum est verbum Domini ad me, dicens:",TRUE
Ezekiel 22.17 (Vulgate),"Ezekiel 22.17 Et factum est verbum Domini ad me, dicens:",TRUE
Ezekiel 22.1 (Vulgate),"Ezekiel 22.1 Et factum est verbum Domini ad me, dicens:",TRUE
Ezekiel 17.1 (Vulgate),"Ezekiel 17.1 Et factum est verbum Domini ad me, dicens:",TRUE
Ezekiel 11.14 (Vulgate),"Ezekiel 11.14 Et factum est verbum Domini ad me, dicens:",TRUE
Ezekiel 30.1 (Vulgate),"Ezekiel 30.1 Et factum est verbum Domini ad me, dicens:",TRUE
Ezekiel 36.16 (Vulgate),"Ezekiel 36.16 Et factum est verbum Domini ad me, dicens:",TRUE
Ezekiel 33.23 (Vulgate),"Ezekiel 33.23 Et factum est verbum Domini ad me, dicens:",TRUE
Ezekiel 17.11 (Vulgate),"Ezekiel 17.11 Et factum est verbum Domini ad me, dicens:",TRUE
Matthew 2.17 (Vulgate),Matthew 2.17 Tunc adimpletum est quod dictum est per Jeremiam prophetam dicentem:,FALSE
Ezekiel 33.1 (Vulgate),"Ezekiel 33.1 Et factum est verbum Domini ad me, dicens:",TRUE
Ezekiel 27.1 (Vulgate),"Ezekiel 27.1 Et factum est verbum Domini ad me, dicens:",TRUE
Ezekiel 34.1 (Vulgate),"Ezekiel 34.1 Et factum est verbum Domini ad me, dicens:",TRUE
Jeremiah 1.4 (Vulgate),"Jeremiah 1.4 Et factum est verbum Domini ad me, dicens:",TRUE
Jeremiah 28.12 (Vulgate) - 1,"Part 2 of Jeremiah 28.12: Et factum est verbum Domini ad Jeremiam, postquam confregit Hananias propheta catenam de collo Jeremiæ prophetæ, dicens:",FALSE
Haggai 1.3 (Vulgate),"Haggai 1.3 Et factum est verbum Domini in manu Aggæi prophetæ, dicens:",TRUE
Jeremiah 2.1 (Vulgate),"Jeremiah 2.1 Et factum est verbum Domini ad me, dicens:",TRUE
Isaiah 30.12 (AKJV) - 0,"Part 1 of Isaiah 30.12: Wherefore, thus saith the Holy one of Israel:",TRUE
Haggai 1.5 (Vulgate) - 0,Part 1 of Haggai 1.5: Et nunc hæc dicit Dominus exercituum:,TRUE
Jeremiah 30.8 (Vulgate) - 0,"Part 1 of Jeremiah 30.8: Et erit in die illa, ait Dominus exercituum:",TRUE
Malachi 3.1 (Douay-Rheims) - 2,"Part 3 of Malachi 3.1: Behold he cometh, saith the Lord of hosts.",TRUE
Isaiah 48.2 (Douay-Rheims) - 1,Part 2 of Isaiah 48.2: the Lord of hosts is his name.,TRUE
Malachi 3.1 (AKJV) - 4,"Part 5 of Malachi 3.1: behold, he shall come, saith the Lord of hosts.",TRUE
Exodus 9.13 (ODRV) - 2,"Part 3 of Exodus 9.13: This saith the Lord, the God of the Hebrewes:",TRUE
Exodus 10.3 (ODRV) - 1,Part 2 of Exodus 10.3: Thus faith the Lord the God of the Hebrewes:,TRUE
2 Esdras 2.14 (AKJV) - 2,"Part 3 of 2 Esdras 2.14: for I liue, saith the Lord.",FALSE
Leviticus 26.44 (Wycliffe) - 1,Part 2 of Leviticus 26.44: for Y am the Lord God of hem.,TRUE
Judges 4.6 (Douay-Rheims) - 2,Part 3 of Judges 4.6: The Lord God of Israel hath commanded thee:,TRUE
Exodus 9.1 (ODRV) - 2,"Part 3 of Exodus 9.1: This saith our Lord, the God of the Hebrewes:",TRUE
Luke 20.42 (Tyndale) - 0,Part 1 of Luke 20.42: And David him selfe sayth in the boke of the Psalmes:,TRUE
Mark 12.36 (ODRV) - 0,Part 1 of Mark 12.36: For Dauid himself saith in the Holy Ghost:,TRUE
Psalms 85.1 (ODRV) - 0,Part 1 of Psalms 85.1: A praier to Dauid him selfe.,TRUE
2 Peter 2.22 (Vulgate) - 0,Part 1 of 2 Peter 2.22: Contigit enim eis illud veri proverbii:,TRUE
Psalms 38.1 (Geneva) - 0,Part 1 of Psalms 38.1: A Psalme of Dauid for remembrance.,TRUE
Psalms 22.1 (ODRV),Psalms 22.1 The Psalme of Dauid.,TRUE
Psalms 60.1 (Geneva) - 1,Part 2 of Psalms 60.1: A Psalme of David to teach.,TRUE
Psalms 138.1 (ODRV) - 0,"Part 1 of Psalms 138.1: Vnto the end, a Psalme of Dauid.",TRUE
Psalms 90.1 (ODRV) - 0,Part 1 of Psalms 90.1: Prayse of a Canticle to Dauid.,TRUE
Psalms 55.1 (Geneva) - 1,Part 2 of Psalms 55.1: A Psalme of David to give instruction.,TRUE
Psalms 36.1 (ODRV) - 0,Part 1 of Psalms 36.1: A Psalme to Dauid him self.,TRUE
Psalms 53.1 (Geneva) - 1,Part 2 of Psalms 53.1: A Psalme of David to give instruction.,TRUE
Psalms 32.1 (Geneva) - 0,Part 1 of Psalms 32.1: A Psalme of David to give instruction.,TRUE
Psalms 107.1 (ODRV),"Psalms 107.1 A Canticle of Psalme, to Dauid himselfe.",TRUE
Psalms 12.1 (ODRV) - 0,"Part 1 of Psalms 12.1: Vnto the end, the Psalme of Dauid.",TRUE
Psalms 27.1 (ODRV) - 0,Part 1 of Psalms 27.1: A Psalme to Dauid him selfe.,TRUE
Psalms 50.1 (ODRV),"Psalms 50.1 Vnto the end, a Psalme of Dauid,",TRUE
Psalms 108.1 (ODRV),"Psalms 108.1 Vnto the end, a Psalme of Dauid.",TRUE
Psalms 13.1 (ODRV) - 0,"Part 1 of Psalms 13.1: Vnto the end, the Psalme of Dauid.",TRUE
Psalms 67.1 (Vulgate),Psalms 67.1 In finem. Psalmus cantici ipsi David.,TRUE
Psalms 54.1 (Geneva) - 1,"Part 2 of Psalms 54.1: A Psalme of David, to give instruction.",TRUE
Psalms 50.1 (Vulgate),"Psalms 50.1 In finem. Psalmus David,",TRUE
Psalms 63.1 (ODRV),"Psalms 63.1 Vnto the end, a Psalme of Dauid.",TRUE
Psalms 108.1 (Vulgate),Psalms 108.1 In finem. Psalmus David.,TRUE
Psalms 82.1 (Vulgate),Psalms 82.1 Canticum Psalmi Asaph.,TRUE
Psalms 127.1 (Geneva) - 0,"Part 1 of Psalms 127.1: A song of degrees, or Psalme of Salomon.",TRUE
Psalms 10.1 (Vulgate),Psalms 10.1 In finem. Psalmus David.,TRUE
Psalms 18.1 (Vulgate),Psalms 18.1 In finem. Psalmus David.,TRUE
Psalms 139.1 (ODRV),"Psalms 139.1 Vnto the end, a Psalme of Dauid.",TRUE
Psalms 20.1 (Vulgate),Psalms 20.1 In finem. Psalmus David.,TRUE
Psalms 63.1 (Vulgate),Psalms 63.1 In finem. Psalmus David.,TRUE
Psalms 19.1 (Vulgate),Psalms 19.1 In finem. Psalmus David.,TRUE
Psalms 139.1 (Vulgate),Psalms 139.1 In finem. Psalmus David.,TRUE
Psalms 83.1 (Geneva) - 0,"Part 1 of Psalms 83.1: A song, or Psalme committed to Asaph.",TRUE
Psalms 25.1 (ODRV) - 0,Part 1 of Psalms 25.1: Vnto the end the Psalme of Dauid.,TRUE
Psalms 4.1 (Vulgate),"Psalms 4.1 In finem, in carminibus. Psalmus David.",TRUE
Psalms 20.1 (ODRV),"Psalms 20.1 Vnto the end, the Psalme of Dauid.",TRUE
Psalms 67.1 (ODRV),"Psalms 67.1 Vnto the end, a Psalme of Canticle, to Dauid himself.",TRUE
Psalms 76.1 (Geneva) - 1,Part 2 of Psalms 76.1: A Psalme or song committed to Asaph.,TRUE
Psalms 18.1 (ODRV),"Psalms 18.1 Vnto the end, the psalme of Dauid.",TRUE
Psalms 40.1 (Vulgate),Psalms 40.1 In finem. Psalmus ipsi David.,TRUE
Psalms 19.1 (ODRV),"Psalms 19.1 Vnto the end, the Psalme of Dauid.",TRUE
Psalms 107.1 (Vulgate),"Psalms 107.1 Canticum Psalmi, ipsi David.",TRUE
Psalms 24.1 (ODRV),"Psalms 24.1 Vnto the end, the Psalme of Dauid.",TRUE
Psalms 39.1 (Vulgate),Psalms 39.1 In finem. Psalmus ipsi David.,TRUE
Psalms 23.1 (ODRV) - 0,"Part 1 of Psalms 23.1: The first of the Sabbath, the Psalme of Dauid.",TRUE
Psalms 82.1 (ODRV),Psalms 82.1 A Canticle of Psalme to Asaph.,TRUE
Psalms 66.1 (ODRV),"Psalms 66.1 Vnto the end, in hymes, a Psalme of Canticle to Dauid.",TRUE
Psalms 60.1 (Vulgate),Psalms 60.1 In finem. In hymnis David.,TRUE
Psalms 66.1 (Vulgate),"Psalms 66.1 In finem, in hymnis. Psalmus cantici David.",TRUE
Psalms 61.1 (ODRV),"Psalms 61.1 Vnto the end, for Idithun a Psalme of Dauid.",TRUE
Psalms 6.1 (Vulgate),"Psalms 6.1 In finem, in carminibus. Psalmus David. Pro octava.",TRUE
Psalms 99.1 (ODRV),Psalms 99.1 A Psalme in confession.,TRUE
Psalms 4.1 (ODRV),"Psalms 4.1 Vnto the end, in songues, the Psalme of Dauid",TRUE
Psalms 30.1 (Vulgate),"Psalms 30.1 In finem. Psalmus David, pro extasi.",TRUE
Psalms 94.1 (ODRV) - 0,"Part 1 of Psalms 94.1: Praise of Canticle, to Dauid him selfe.",TRUE
Psalms 78.1 (Geneva) - 0,Part 1 of Psalms 78.1: A Psalme to give instruction committed to Asaph.,TRUE
Psalms 11.1 (Vulgate),"Psalms 11.1 In finem, pro octava. Psalmus David.",TRUE
Psalms 39.1 (ODRV),"Psalms 39.1 Vnto the end, a Psalme to Dauid himselfe.",TRUE
Psalms 38.1 (Vulgate),"Psalms 38.1 In finem, ipsi Idithun. Canticum David.",TRUE
Psalms 15.1 (ODRV) - 0,Part 1 of Psalms 15.1: The inscription of the title to Dauid him self.,TRUE
Psalms 40.1 (ODRV),"Psalms 40.1 Vnto the end, a Psalme to Dauid him selfe.",TRUE
Psalms 74.1 (Geneva) - 0,"Part 1 of Psalms 74.1: A Psalme to give instruction, committed to Asaph.",TRUE
Psalms 11.1 (ODRV),"Psalms 11.1 Vnto the end for the octaue, the Psalme of Dauid.",TRUE
Psalms 76.1 (ODRV),"Psalms 76.1 Vnto the end, for Idithun, a psalme to Asaph.",TRUE
Psalms 61.1 (Vulgate),"Psalms 61.1 In finem, pro Idithun. Psalmus David.",TRUE
Psalms 54.1 (Vulgate),"Psalms 54.1 In finem, in carminibus. Intellectus David.",TRUE
Psalms 92.1 (Geneva) - 0,Part 1 of Psalms 92.1: A Psalme or song for the Sabbath day.,TRUE
Psalms 76.1 (Vulgate),"Psalms 76.1 In finem, pro Idithun. Psalmus Asaph.",TRUE
Psalms 99.1 (Vulgate),Psalms 99.1 Psalmus in confessione.,TRUE
Psalms 38.1 (ODRV),"Psalms 38.1 Vnto the end, to Idithun him selfe, a canticle of Dauid.",TRUE
Psalms 71.1 (Vulgate),"Psalms 71.1 Psalmus, in Salomonem.",TRUE
Psalms 6.1 (ODRV),"Psalms 6.1 Vnto the end in songs, the Psalme of Dauid for the octaue.",TRUE
Psalms 30.1 (Geneva) - 0,Part 1 of Psalms 30.1: A Psalme or song of the dedication of the house of David.,TRUE
Psalms 53.1 (Vulgate),"Psalms 53.1 In finem, in carminibus. Intellectus David,",TRUE