id,estc,stc,title,authors,publisher,pubplace,subject_headings,date
B01388,R176291,A3354A,An answer to Clemens Alexandrinus's sermon upon Quis dives salvetur? What rich man can be sav'd? Proving it easie for a camel to go through the eye of a needle.,"Clement, of Alexandria, Saint, ca. 150-ca. 215. Quis dives salvetur?",s n,London,"England; Rich people; Wealth; Quis dives salvetur?; Clement,; 17th century.; Early works to 1800.; Broadsides; of Alexandria, Saint, ca. 150-ca. 215.; Moral and ethical aspects; Humor",1690
B03275,R36181,E477,"An elegy upon the death of two eminent ministers of the Gospel Mr. Pledger and Mr. Wells. Who both departed this life on the Lords day June the 18th. 1676. The first of them having preached twice, and administred the Lords Supper the very day of his dissolution.",Anonymous,Printed for B H,London,"Pledger, Elias, d. 1676; Elegiac poetry, English; Wells, John, 1623-1676; 17th century.; Poetry; Early works to 1800.",1676
A96415,R206427,W1999,"The light appearing more and more towards the perfect day. Or, a farther discovery of the present state of the Indians in New-England, concerning the progresse of the Gospel amongst them. Manifested by letters from such as preacht to them there. / Published by Henry Whitfeld, late pastor to the Chuch [sic] of Christ at Gilford in New-England, who came late thence.","Mayhew, Thomas, fl. 1651.; Eliot, John, 1604-1690.; Whitfield, Henry, 1597-1660?",Printed by T R E M for John Bartlet and are to be sold at the Gilt Cup neer St Austins gate in Pauls Church yard,London,Massachuset Indians; Wampanoag Indians; Massachusetts; Indians of North America; Missions; Early works to 1800.,1651
A91314,R212424,P4124,"A vindication of foure serious questions of grand importance, concerning excommunication and suspention from the sacrament of the Lords Supper, from some misprisions and unjust exceptions lately taken against them; both in the pulpit, by a reverend brother of Scotland, in a sermon at Margarets Church in Westminster, before the Honourable House of Commons, at a publike fast there held for Scotland, on the 5th of September last: and in the presse, by three new-printed pamphlets, by way of answer to, and censure of them. Wherein some scripture texts, (commonly reproduced for excommunication, and bare suspention from the Lords Supper onely,) are cleared from false glosses, inferences, conclusions wrested from them; ... / By William Prynne of Lincolns Inne, Esquire.","Prynne, William, 1600-1669.",Printed for John Macock for Michael Spark senior,London,Excommunication; Lord's Supper; Church of Scotland; Early works to 1800.,1645
A89416,R22194,M31,"A true relation of the proceedings from York and Beverley. Shewing the great power and strength there raised against the Parliament and Hull, under the command of the Lord of Carnarvon, the Lord Rich, Colonell Fielding, Colonell Fielding, Colonell Lunsford, Capt. Butler, &c. Also the bountie of the clergie, and of the gentrie in York-shire, tending to the encreasing and managing of these unhappie proceedings. Likewise some rehearsall of Bishop Williams his sermon before the King, Iuly 24. And of the great hurt that the great recusant, Mr. Beckwith hath received by Sir Iohn Hotham. Sent in a letter from Beverley, to a citizen of good worth in London.",H. M.,Aug 3 London printed for Iohn Iohnson,London,"Great Britain; History; Warwick, Robert Rich,; Earl of, 1609 or 10-1643; Earl of, 1587-1658; Campaigns; Capt.; Carnarvon, Robert Dormer,; Lunsford, Thomas,; Sir, 1610?-1653?; Williams, Gryffith, 1589?-1672; Fielding, Richard, d. 1650.; Civil War, 1642-1649; Early works to 1800.; Butler,",1642
B18418,nan,C72B,"A short discourse against transubstantiation, or, An answer to the ordinary question whether a man may be saved in the Roman Catholick religion? by the reduction of it to another, whether one can be saved who, apostasizing from a true religion joineth himself with the grossest idolaters : where the evidence against transubstantion from revelation, reason, and sense is repeated and improved in two sermons on Mat. 26. 26 / by J.C.",J. C.,Printed for Tho Parkhurst,London,Transubstantiation.; Catholic Church; Controversial literature.,1675
B07998,S94783,20308,"Anti-Mortonus or An apology in defence of the Church of Rome. Against the grand imposture of Doctor Thomas Morton, Bishop of Durham. Whereto is added in the chapter XXXIII. An answere to his late sermon printed, and preached before His Maiesty in the cathedrall church of the same citty..","Price, John, 1576-1645.",English College Press Permissu Superiorum,St Omer,"Apologetic works; Morton, Thomas, 1564-1659.; Grand imposture of the (now) Church of Rome.; Catholic Church; Early works to 1800.",1640
B03839,R178824,J107,"The Jacobite's new creed, containing the articles of their faith, and doctrine of salvation, as now preach'd and practised, &c. Licensed according to order.",Anonymous,Printed for E Golding,London,"Great Britain; William and Mary, 1689-1702; History; Political satire, English; Jacobites; 17th century.; Humor.; Religious satire, English; Early works to 1800.; Humor",1693
B05801,R183736,S2624A,"An advertisement concerning those most famous cathartique and diuretique pills. Being an incomparable medicine in all chronical and dangerous diseases; wherewith was cured the late Lord General Monck of the dropsie: : some hundreds before, and many since, having received absolute cure thereby ... / Prepared only by William Sermon ...","Sermon, William, 1629?-1679.",Printed for the author and Edward Thomas at the Adam and Eve in Little Britain,London,"Patent medicines; England; Albemarle, George Monck,; Duke of, 1608-1670.; Early works to 1800.",1671
B06138,nan,T1602,"To the Reverend Dr. Beveridge, an eucharisticon, occasion'd by his seasonable and excellent sermon about restitution, on *St. Luke 19.8. preach'd at St. Laurence's London, Tuesday, March 17. 1690.",Anonymous,s n,London,"Beveridge, William, 1637-1708; Early works to 1800.",1691
B43800,nan,R692A,"Prophetick admonitions to the city of London : of four great calamities like to befall it, viz.  1. Destruction of their houses, fullfilled in 1666.  2. Slaughters of their persons, wives and children.  3. Loss of their goods and estates, and, 4. Violation and slavery of their consciences.  And of the only means to prevent 'em. / First preached and afterwards printed, and dedicated to the citizens, by Thomas Reeves, B. in divinity, in the year 1657.","Reeve, John, 1608-1658.",Printed for J Meekes in Hanging Sword court in Fleet street,London,England; Muggletonians; Apocalyptic literature; Early works to 1800.,1694
A89104,R205297,M1899,"A message from the Isle of Wight, brought by Major Cromwell. Coll: Hammond sent for by the Lord Generall, and Col: Ewers to be at the Isle of Wight. Also the chiefe heads of Bishop Ushers sermon. And His Majesties letter to the Parliament: brought this present Munday, Novemb. 27. 1648.",England and Wales. Sovereign (1625-1649 : Charles I).,Printed for R Smithurst neer Pye corner,London,"Great Britain; Civil War, 1642-1649; Early works to 1800.; History",1648
A87719,R208730,K437,"Ancient and durable gospel. Concerning the time of the perfect and totall subduing, washing away, remitting, blotting out, and pardoning, believers sins : and believers being justified, adopted, married to Christ; and presented by Christ spotlesse. Shewing, that though these things were in purpose before the world was, in prophesie, and promise, before Christ dyed; purchased just then; and applyed by faith when we believe. Yet the said purpose is not executed; the said prophesies are not accomplisht; nor promises fulfilled; the things purchased are not effected, nor by us fully enjoyed, till Christs second comming : at which time the saints that sleep shall arise : and scattered Israel shall be gathered. / Written by Thomas Kilcop. In two books; the one iu [sic] an orderly sermon-method : the other by way of answer to a book intituled. Justification by Christ alone : a good title, were the book but sutable.","Killcop, Thomas.",Printed by H H and are to be sold by Giles Calvert living at the sign of the Black spread Eagle at the west end of Pauls,London,Justification by Christ alone.; Grace (Theology); Redemption; Early works to 1800.,1648
A84807,R177302,F1888A,"The promise of God proclaimed; which is Christ the everlasting covenant of God to the Jews, Gentiles, and all people upon the earth, which God spake by his prophets, and was preached by the apostles, and by his servants and messengers sent forth since for Barbadoes, New-England, Virginia, the East and West Indies, and the south and north parts of the vvorld, to go to them all.","Fox, George, 1624-1691.",Printed for Thomas Simmons,London,England; Divinity; 17th century.; Broadsides; Jesus Christ; Early works to 1800.; Devotional literature,1660
A81906,R205600,D2837,"A case of conscience resolved: concerning ministers medling with state matters in their sermons: and how far they are obliged by the Covenant to interpose in the affairs of civil government. / By J.D. Minister of the Gospell. March 15, imprimatur, Joseph Caryl.","Dury, John, 1596-1680.",Printed by R L for R W at the Star under S Peters Church in Cornhill,London,"Great Britain; 17th century; History; England; Solemn League and Covenant (1643).; Church history; Civil War, 1642-1649; Early works to 1800.; Preaching",1649
A86931,R200474,H3819,"A plea for Christian magistracie: or, An answer to some passages in Mr. Gillespies sermon, against Mr. Coleman. As also to the brotherly examination of some passages of Mr. Colemans late printed sermon, upon Job 11.20. In which the reverend and learned commissioner affirmeth, he hath endeavoured to strike at the root of all church government. VVherein the argumentative part of the controversie is calmely and mildly, without any personall reflections, prosecuted. / By William Hussey, minister of the Gospell, at Chesilhurst in Kent.","Hussey, William, minister of Chiselhurst.",Printed for John Saywell and are to bee sold at his shop at the signe of the Starre in Little Brittaine,London,"Church polity; Gillespie, George, 1613-1648; Coleman, Thomas, 1598-1647.; Hopes deferred and dashed.; Early works to 1800.",1645
A88596,R207307,L3182,"The true and perfect speec [sic] of Mr. Christopher Love on the scaffold on Tower-Hill on Friday last, being the two and twentieth day of this instant August, 1651. Comprizing his funerall sermon; his exhortation to the citizen his propositions touching religion; and his prayer immediately before his head was severed from his body. Together with Mr. Gibbons his speech; and the manner of his deportment, carriage, and resolution: published for the good of the Common-wealth of England.","Love, Christopher, 1618-1651.",by Iohn Clowes,Imprinted at London,"Last words; Love, Christopher, 1618-1651; Early works to 1800.",1651
A85345,R177464,G104A,"Instructions for young gentlemen: or, The instructions of Cardinal Sermonetto to his cousin Petro Caetano, at his first going into Flanders to the Duke of Parma, to serve Philip King of Spain.","Gaetani, Enrico, Cardinal, 1550-1599.",Printed by T N for Fr Bowman of Oxon,London,Diplomacy; Early works to 1800.; Diplomatic etiquette,1650
A81417,R224917,D1311A,"A dialogue; between George Keith, and an eminent Quaker relating to his coming over to the Church of England. With some modest reflections on Mr. Keith's two first sermons, preach'd at St. Georges Buttolphs Church on Sunday May the 12th. 1700.",Anonymous,s n,London,"Society of Friends; Keith, George, 1639?-1716; Controversial literature; Early works to 1800.",1700
A84789,R202174,F1839,"Here are several queries put forth in print for all, or any of you whose names are here under written, (and likewise for them at Cambridge and Oxford, ... or any other of your societies that will answer the same) and return your answer in print, to the view and satisfaction of many people; who are now questioning whether any of all your practises do proceed from the true foundation. For Robert Gell. Doctor of Divinity so called, who formerly preached to the Society of Astrologers; as witness his book called Stella nova. William Lilly. Student in astrology. John Booker. Student in astrology and physick. Richard Sanders. Student in the divine, laudible and celestial sciences, as he calls it. Vincent Wing. George Wharton. Or any other of the astrologers to answer. And likewise for Francis Prujan. John King. Charles Scarbrough. George Bates. Lawrence Wright. Jonathan Goddard. And Richard Barker. Doctors of Physick; and to the rest of that society to answer. / These queries are put in print by me, Henry Clark.","Fox, George, 1624-1691.; Clark, Henry, 17th cent.",Printed for Giles Calvert and are to be sold at his shop at the sign of the Black spread Eagle at the west end of Pauls,London,Astrology; Society of Friends; Early works to 1800.; Doctrines,1657
A84135,R22317,E3383,The deeds of Dr. Denison a little more manifested. By his ansvver to the defence of John Etherington. VVhich he published in Anno Dom. 1641. against his false accusations and the depositions of his false witnesses. Whereupon he was censured by the high commission court. And his reply to the doctors answer. Which answer he hath added to his Woolfe-sermon booke.,"Etherington, John, fl. 1641-1645.",Printed by F L and are to be sold by Iohn Wright in the little Old Baily,London,"White wolfe.; Great Britain; 17th century; Religion; Denison, Stephen, d. 1649 or 50.; Etherington, John.; Defence of J.E. against Steven Denison and his witnesses.; Early works to 1800.",1642
A84091,R176777,E3288,An essay on hypocrasie and Pharisaism. As it was set forth in a Sermon / by A curate of souls.,Curate of Souls.; J. W.,Printed by J C and Freeman Collins for Charles Yeo Bookseller in Exon,London,Religious aspects; Early works to 1800.; Hypocrisy,1683
A96995,R8440,W3778,"The covenants plea for infants: or, The covenant of free grace, pleading the divine right of Christian infants unto the seale of holy baptisme. Against the rusticke sophistry, and wicked cavillations of sacrilegious Anabaptists: being the summe of certaine sermons had in the parish-church of Cranham, neere the city of Gloucester, in Gloucester-shire, with the exceptions of certaine Anabaptists against the foresaid sermons, and the authors answers thereunto. Very seasonable for weake consciences in these unsettled times of schisme and apostacie. By Thomas Wynell minister of the Gospel of Jesus Christ.","Wynell, Thomas, b. 1599 or 1600.",Printed by Henry Hall for the author,Oxford,Anabaptists; Early works to 1800.; Infant baptism,1642
A96864,R210371,W3414,"Divine poems being meditations upon several sermons, preached at Eckington in the county of Darbie / by Mr. S.G. And put into vers by William Wood of Eckington, Gent.","Wood, William.; S. G.",Printed by Will Du Gard for the author,London,Early works to 1800.; Christian life; Poetry,1655
A90476,R203151,P1502,"A perfect narrative of the late proceedings of the Parliament of Scotland, in relation to the affaires of England. Also the manner of the funerall of the Right Honourable, Ferdinando Lord Fairfax : with the chief heads of his Lordships funerall-sermon, preached by Mr. Bowles. 15. March instant. And sundry other particulars concerning the L. Widdringdon, Sir Thomas Glemham, Sir Charles Lucas, and others late going into Scotland.","Bowles, Edward, 1613-1662.",Printed by Robert Austin,London,"Scotland; Baron, 1584-1648; Death and burial; 1625-1649; Politics and government; Fairfax, Ferdinando Fairfax,; Early works to 1800.",1648
A95939,R200964,V472,"A vindication of certaine citizens that lately went to the leaguer, then before Oxford, or, Their answer to some prevaricating passages, inserted in an epistle, lately published by William Dell, minister of the Gospel. Occasioned, by their attesting his delivering of certain positions, in a sermon at the leaguer, here set down, they being thereunto called by the House of Lords. Published by authoritie.",Anonymous,Printed by Eliz Purslow for Thomas Vere at the upper end of the Old baily,London,"Dell, William, d. 1664.; Great Britain; 17th century; England; Building and glory of the truely Christian and spiritual church.; Church and state; Church history; Early works to 1800.",1646
A96416,R186141,W199B,"Joshua's resolution; or the duties of houshold-governours discoursed of, and fairly stated; their failures therein mildly consider'd, and without favour or affection impartially weighed. The subject suited to the capacities of tamworth auditory, and preached there, and elsewhere, by John Wagstaffe, A.M. and rector of Little Wenlock, in Shropshire.","Wagstaffe, John, rector of Little Wenlock.",printed by Thomas Snowden and are to be sold by Henry Mortlack at the Phænix in St Paul s Church Yard,London,Religious education; Early works to 1800.; Teaching,1684
A76218,R207537,B1423A,"A treatise of conversion Preached, and now published for the use of those that are strangers to a true conversion, especially the grosly ignorant and ungodly. By Richard Baxter, teacher of the Church of Christ at Kederminster.","Baxter, Richard, 1615-1691.",printed by R W for Nevil Simmons bookseller in Kiderminster and are to be sold by Joseph Nevil at the Plough in Pauls Church yard,London,Conversion; Early works to 1800.,1657
A77132,R201037,672,"The description and confutation of mysticall Anti-Christ, the Familists; or, An information drawn up and published for the confirmation and comfort of the faithfull, against many Antichristian Familisticall doctrines which are frequently preached and printed in England: particularly in those dangerous books called Theologia Germanica, the Bright Star, Divinity and Philosophy dissected. / Written by Benjamin Bourne. Published according to order.","Bourne, Benjamin, fl. 1646.",Printed by Matthew Symons for B B and are to be sold at the signe of the Angel in Cornehill,London,Great Britain; Familists; England; 17th century.; Church history; Early works to 1800.,1646
A75922,R232350,A64,"Cheap-side crosse censured and condemned by a letter sent from the vicechancellour and other learned men of the famous Universitie of Oxford, in answer to a question propounded by the citizens of London, concerning the said crosse, in the yeere 1600, in which yeer it was beautified, as also some divine arguments taken out of a sermon against the crosse, a little after it was last repaired, by a learned and godly minister, M. Iohn Archer, sometimes preacher at Alhallows Lombardstreet about sixteen yeers past.","Abbot, George, 1562-1633.",printed by A N for I R and are to be sold at his shop in Pauls Church yard,London,"Early works to 1800.; Abbot, George, 1562-1633; Cheapside Cross (London, England)",1641
A75851,R203313,A452aA,"A modest reply humbly offer'd, as an answer to, and confutation of seven arguments collected and deliver'd by Mr. Samuel Lawrence, in a sermon preach'd at his meeting-house in Namptwich, Octob. 16th, 1691, whereby he would shew, that the infants of professing Christians ought to be baptized : with a seasonable word to my brethren of the baptized church / presented by the most unworthiest of her servants, S.A.","Acton, Samuel, d. 1740?; Lawrence, Samuel.",Printed for the author,London,Infant salvation.,1692
A77374,R223954,B4476A,"The vvounded conscience cured, the weak one strengthned, [sic] and the doubting satisfied By way of answer to Doctor Fearne. Where the main point is rightly stated, and objections throughly answered for the good of those who are willing not to be deceived. By William Bridge, preacher of Gods Word. It is ordered this 30. day of January, 1642. by the committee of the House of Commons in Parliament, concerning printing, that this answer to Dr. Fearnes book be printed. John White. The second edition, correced and amended. Whereunto are added three sermons of the same author; 1. Of courage, preached to the voluntiers. 2. Of stoppage in Gods mercies to England, with their [sic] remedies. 3. A preparation for suffering in these plundering times.","Bridge, William, 1600?-1670.",printed for Benjamin Allen and are to be sold at his shop in Popes head Alley,London,"Resolving of conscience; Ferne, H.; (Henry), 1602-1662.; Conscience; Early works to 1800.",1643
A77854,R201144,B5666,"Vindiciæ legis: or, A vindication of the morall law and the covenants, from the errours of papists, Arminians, Socinians, and more especially, Antinomians. In XXIX. lectures, preached at Laurence-Jury, London. / By Anthony Burgess, preacher of Gods Word.","Burgess, Anthony, d. 1664.",Printed by James Young for Thomas Underhill at the signe of the Bible in Wood street,London,Covenant theology; Antinomianism; Grace (Theology); Controversial literature; Early works to 1800.; Law (Theology),1646
A77775,R200735,B5403,"The Gospel-covenant; or The covenant of grace opened. Wherein are explained; 1. The differences betwixt the covenant of grace and covenant of workes. 2. The different administration of the covenant before and since Christ. 3. The benefits and blessings of it. 4. The condition. 5. The properties of it. / Preached in Concord in Nevv-England by Peter Bulkeley, sometimes fellow of Johns Colledge in Cambridge. Published according to order.","Bulkeley, Peter, 1583-1659.",Printed by M S for Benjamin Allen and are to be sold at the Crowne in Popes head Alley,London,Grace (Theology); Good works (Theology); Early works to 1800.,1646
A77100,R206793,B3760,"Paideia Thriamous. The triumph of learning over ignorance, and of truth over faleshood. Being an answer to foure quæries. Whether there be any need of universities? Who is to be accounted an hæretick? Whether it be lawfull to use coventicles? Whether a lay-man may preach? VVhich were lately proposed by a zelot, in the parish church at Swacie neere Cambridge, after the second sermon, October 3. 1652. Since that enlarged by the answerer, R.B. B.D. and fellow of Trin. Col. Camb.","R. B. (Robert Boreman), d. 1675.",printed by R Royston at the Angel in Ivie lane,London,Controversial literature; Early works to 1800.; Religion,1652
A62992,R222359,T1957B,"A letter to Mr. Mead, in answer to several unscriptural, and unsound sayings of his in a sermon against the seventh-day-sabbath, preached at his place of meeting, the twenty third of the second month. 1682. Wrote the same day the sermon was preached, refuting his arguments, and turning them back, making their unskilfulness and weakness manifest; and clearly evidencing, that the seventh-day is the sabbath day; by clear scripture-testimony, and sound arguments grounded thereon. Published for his hearers, because he would neither hear an objection in publick, nor admit of a conference in private.","Tovey, W.",printed for the author and are to be sold by John Lawrence at the Angel in Cornhil near the Royal Exchange,London,Sabbath; Early works to 1800.,1682
A60864,R18529,S4616,"Some short remarks upon a book, entituled, An answer (but is none) to Dr. Stillingfleet's sermon, by some nonconformists in a letter to his friend in London from a person of quality in the country.",Anonymous,Printed for Randall Taylor,London,"Dissenters, Religious; Answer to Dr. Stillingfleet's book of the unreasonableness of separation.; England.; Humfrey, John, 1621-1719.",1680
A64639,R23555,U17,"Perez Uzza, Or, A serious letter sent to Master Edm. Calamy, January the 17th, 1663 touching his sermon at Aldermanbvry, December the 28th, intimating his close design, and dangerous insinuation against the publick peace : with some queries he is to answer, for the satisfaction of the world.","Udall, O.",Printed for George Bisaker,London,"Calamy, Edmund, 1600-1666.; Eli trembling for fear of the Ark.",1663
A64197,R219145,T4E,"Diotrephes detected, corrected, and rejected, and Archippus admonished: by a soft answer to an angry sermon and book lately published, intituled, A true account of what was done, at the casting of two members out of Mr. Stucleys congregation in Exon",E. T.,printed by M S for Henry Cripps and are to be sold at his shop in Popes Head Alley,London,"Mall, Thomas, b. 1629 or 30.; Excommunication; True account of what was done by a Church of Christ in Exon; England; Dissenters, Religious; Early works to 1800.",1658
A66857,R15081,W3292,"From the shepherd of Israel, to the Bishops in England with some queries and councell to all courtiers, and judges, &c, that they incense not King Charles against the Lords heritage : also, the breathings of the seed, and crie of his own elect, that his people may be preserved, which he cannot but hear, because of the incercession of his spirit, poured out upon his off-spring : this I believe, therefore I speak : also, the arise of the beast, false prophet, and anti-christ, and who they are, and what their work is, declared : and the everlasting gospell preached again to all nations, kindreds and people, and the beast and false prophet, which deceived them taken and destroyed, the accuser of the brethren cast out, and judged / given forth by Humphry Woolrich.","Wollrich, Humphry, 1633?-1707.",Printed for Robert Wilson,London,"Society of Friends; King of England, 1630-1685.; II,; Great Britain.; Charles",1661
A63266,R1706,T2312,"An apology for the non-conformists shewing their reasons, both for their not conforming, and for their preaching publickly, though forbidden by law : with an answer to Dr. Stillingfleet's sermon, and his defence of it, so much as concerneth the non-conformists preaching / by John Troughton ...","Troughton, John, 1637?-1681.",Printed for Thomas Parkhurst,London,"Dissenters, Religious; England.; Mischief of separation.; Stillingfleet, Edward, 1635-1699.",1681
A66932,R206983,W3399,"A little stone, pretended to be out of the mountain, tried, and found to be a counterfeit, or, An examination & refutation of Mr. Lockyers lecture, preached at Edinburgh, anno 1651, concerning the mater of the visible church and afterwards printed with an appendix for popular government of single congregations : together with an examination, in two appendices, of what is said on these same purposes in a letter of some in Aberdene, who lately have departed from the communion and government of this church / by James Wood ...","Wood, James, 1608-1664.",Printed by Andro Anderson for George Suintoun and Robert Broun and are to be sold at their shop,Edinburgh,"Litle stone out of the mountain church-order briefly opened.; Lockyer, Nicholas, 1611-1685.; Marks.; Conversion.; Church",1654
A64556,R23566,T972,"The charge of schism renewed against the separatists in answer to the renewer of that pretended peaceable design, which is falsly call'd, An answer to Dr. Stillingfleet's late sermon.","S. T. (Samuel Thomas), 1627-1693.",Printed for Henry Brome,London,Schism.,1680
A48191,R27642,L1676,"A Letter to a member of Parliament now in the country upon the occasion of the sermon preached before the Honourable the House of Commons at St. Margaret's Westminster, Jan. 30th, and lately publish'd which letter is contained a just and seasonable and too necessary vindication of K. Charles I, and of all the kings of England that ever were before him or shall be after him and of the English monarchy.",Anonymous,Printed and sold by John Nutt,London,1642-1649.; Politics and government; Great Britain; Kings and rulers.,1700
A49635,R5552,L489,"The last letters, to the London-merchants and faithful ministers concerning the further proceedings of the conversion and restauration of the Jews with most strange and wonderful miracles performed by the holy captain general of the wandring Israelites, a prophecie touching the downfall of Babylon in 66, and the time of the Gospel to be preach'd throughout the whole world, the number of their great armies, a description of their persons, habits, and weapons, the routing of the King of Arabia, and killing many thousand Turks, and the fearful dream of the Turkish Emperour, worthy of observation by all good Christians.","Serrurier, Petrus.",Imprinted for G Cotton,London,No Keywords,1665
A41073,R29424,F643,"VVomens speaking justified, proved and allowed of by the Scriptures all such as speak by the spirit and power of the Lord Iesus : and how women were the first that preached the tidings of the resurrection of Jesus and were sent by Christ's own command before he ascended to the Father, John 20:17.","Fox, Margaret Askew Fell, 1614-1702.; Fox, Margaret Askew Fell, 1614-1702. A touch-stone.",s n,London,Christianity.; Religious aspects; Controversial literature.; Society of Friends; Women; Women in Christianity.,1667
A48172,R24003,L1650,A Letter to a friend in the country concerning the use of instrumental musick in the worship of God in answer to Mr. Newte's sermon preach'd at Tiverton in Devon on the occasion of an organ being erected in that parish-church.,"Newte, John, 1655?-1716. Lawfulness and use of organs in the Christian Church.",Printed for A Baldwin,London,Music in churches.,1698
A48424,R216530,L2043,"England's fair warning to a speedy repentance: being an earnest exhortation to a holy life: or The only deliverer from eternal death and destruction Wherein is plainly laid down the great duty of speedy repentance; with the wretched state of a sinner, and the blessed state of a saint: shewing how the one (after death) will be cast for ever into the dreadful flames of Hell-fire: and the other will be received up into Heaven, to celebrate eternal halelujah's to the Lord of Lords, who (sitting at the right-hand of his father) will shortly come to judge the world. Likewise, some pithy arguments to persuade men to close with Christ. Preached by R. Liford, a B.D. since the dreadful earthquakes that have lately happen'd; ... And now published, to awaken drowsie sinners, who still lye in security, whilst God's judgements are on the earth.","Liford, R.",printed for J Blare at the Looking glass on London Bridge,London,Christian literature; Repentance; Early works to 1800.,1693
A42715,R16126,G686,"The life of God, which is the light and salvation of men, exalted, or, An answer to six books or particular treatises, (given forth by John Cheyney, an Episcopal priest at or near Warrington in the county of Lancaster, against the people of God call'd Quakers) intituled : 1st book, Quakerism subverted, 2nd book, Quakerism heresie, 3rd book, Sermons of hypocrisie, 4th book, A call to prayer, 5th book, The Shibboleth of Quakerism, 6th book, One sheet against the Quakers wherein the said people are cleared from his slanders and calumnies, and divers weighty particulars are seriously, experimentally and scripturally treated on for the information of such who are dis-satisfied with the principles and practices of the said people / by ... William Gibson.","Gibson, William, 1629-1684.",s n,London,J. C.; Society of Friends; Controversial literature.; (John Cheyney),1677
A45123,R22261,H3668,"An answer to Dr. Stillingfleet's sermon, by some nonconformists, being the peaceable design renewed wherein the imputation of schism wherewith the doctor hath charged the nonconformists meetings, is removed, their nonconformity justified, and materials for union drawn up together, which will heal both parties.","Lobb, Stephen, d. 1699.; Humfrey, John, 1621-1719.",Printed for J Janeway,London,"Schism.; Stillingfleet, Edward, 1635-1699.; Dissenters, Religious; England.; Mischief of separation.",1680
A46883,R220740,J743,"The Jewes message to their brethern in Holland; and a new letter touching their further proceedings sent from the kingdom of Scotland: with the arrive [sic] of some of them near Aberdeen, in a small ship, whose sails were white cranched sattin, their ropes and tackling silk of the sames colour; and their food on board only rice and pure honey. Also, another letter from Dr. Serarias, to doctor Homes; the rendovouzing of sexteen hundred thousand in the Turks dominions; and threescore thousand come into Europe; the Great Turks sad and fearful dream; and strange miracles performed by the Captain-general of the wandring Israelites; a description of their persons, habits, and weapons; the granting of liberty of conscience to all excepting infidels; a prophecie touching the downfal of Babylon in 66, and the year of reformation for the Gospel to be preached throughout all nations.",Anonymous,printed for George Freeman,London,Ethnic relations; History; Turkey; Jews; Early works to 1800.,1665
A40538,R26736,F2275A,"A Full and certain relation concerning the horrid plot of the papists and the barbarous and bloody murther of Sr. Edmund Bury Godfrey, one of His Majesties justices of the peace ... with an exact account in what manner he was found and what wounds he had on his body : together with the most noble manner of his being buried and the text of the sermon there preached ...",Anonymous,Printed for Lawrence White,London,"Popish Plot, 1678.; Godfrey, Edmund Berry,; Sir, 1621-1678.",1678
A41496,R37400,G1182,"Moses made angry, or, A letter written and sent to Dr. Hill, master of Trinity Colledg in Cambridg upon occasion of some hard passages that fell from him in a sermon preached at Pauls, May 4, 1651 / by John Goodwin.","Goodwin, John, 1594?-1665.",Printed by J M for Henry Cripps and Lodowick Lloyd,London,"Goodwin, John, 1594?-1665.; Redemption redeemed.; Hill, Thomas, d. 1653.; Theology, Doctrinal.; Redemption.",1651
A45149,R5169,H3700,"Peace at Pinners-Hall wish'd, and attempted in a pacifick paper touching the universality of redemption, the conditionality of the covenant of grace, and our freedom from the law of works upon occasion of a sermon ... / by a lover of truth and accommodation.","Humfrey, John, 1621-1719.",Printed and are to be sold by Randal Taylor,London,Redemption.; Grace (Theology),1692
A44497,R216477,H2802,"Essays about general and special grace y way of distinction between; or distinct consideration of 1. The object of divine faith, or the truth to be preached to, and believed by men. And, 2. Gods purposes for dispensing. And, 3. His dispensations of the said truth, and the knowledge of it to men. And, 4. The operations of God with it in men in the dispensation of it. By Jo. Horne, late of Lin-Allhallows.","Horn, John, 1614-1676.",printed for S Walsall at the Heart and Bible on the west side of the,London,Grace (Theology); Early works to 1800.,1685
A46371,R14047,J1212,"The reflections of the reverend and learned Monsieur Jurieu, upon the strange and miraculous exstasies of Isabel Vincent, the shepardess of Saov in Dauphiné who ever since February last hath sung psalms, prayed, preached, and prophesied about the present times in her trances : as also upon the wonderful and portentous trumpetings and singing of psalms that were heard by thousands in the air, in many parts of France, in the year 1686 : taken out of the pastoral letters of the 1st and 15th day of October last : to which is added, A letter of a gentleman in Dauphiné, to a friend of His in Geneva, containing the discourses and prophesies of the shepherdess / all faithfully translated out of the French copies ...","Jurieu, Pierre, 1637-1713.",Printed for Richard Baldwin,London,"Miracles; Early works to 1800.; Vincent, Isabel.",1689
A45240,R20540,H3825,"An exposition of the book of Job being the sum of CCCXVI lectures, preached in the city of Edenburgh / by George Hutcheson ...","Hutcheson, George, 1615-1674.",Printed for Ralph Smith,London,Bible.; Commentaries.; Job; O.T.,1669
A55289,R17446,P2736,A Poetical essay devoted to the glorious memory of our late queen occasion'd by a number of poems and sermons upon her death.,Anonymous,s n,London,"Queen of England, 1662-1694; Mary; Poetry.; II,",1695
A58940,R7898,S223A,"A sacramental-question concerning assurance how far necessary to a worthy communicant, practically answered, in a sermon, preparatory to the Lord's-Supper, Saturday, March 2, 1699/1700.",J. S.,Printed by J Brudenell for John Fawkner,London,Lord's Supper.,1700
A52641,R41534,N199A,"A Narrative of the most deplorable death and burial of that never to be forgotten pattern of love to his countrey, Capt. William Bedlow, who deceased the 20th of August 1680 with his attestations that he left in writing for the good of this nation, concerning the late damnable plot ... with the text preach'd at his funeral ... also a true account of the murder commited by the Earl of Pembroke, on the watch belonging to Chiswick ... with the whole relation of the two prophets at Tholouze, in France ... with their nine prophecies.",Anonymous,Printed for P Brooksby,London,"Murder; Popish Plot, 1678.; London; England; Prophecies; Bedloe, William, 1650-1680.; 17th century.; Pembroke, Philip Herbert,; Earl of, 1653-1683.; Early works to 1800.",1680
A58328,R36704,R665,"Animadversions by way of answer to a sermon preached by Dr. Thomas Kenne, Lord Bishop of Bath and Wells, in the Cathedral Church of Bath, on Ascension-Day last, being the fifth day of May, 1687","Reed, John, Father.",Printed for Nathaniel Thompson,London,"Apologetic works.; Ken, Thomas, 1637-1711.; Catholic Church",1687
A56278,R28464,P4203,"Pulpit sparks, or, Choice forms of prayer by several reverend and godly divines ; used by them both before and after sermons ; with other prayers for extraordinary occasions ; together with Dr. Hewytt's last prayer.","Hewit, John, 1614-1658.",Printed for W Gilbertson,London,Prayers.,1659
A58892,R37197,S218,"A letter to a peer of the Church of England clearing a point touched in a sermon preached at Chester, before His Most Sacred Majesty, on the 28th of August, in answer to a post-script joyned unto the answer to Nubes testium.","Sabran, Lewis, 1652-1732.",Printed by Henry Hills,London,"Apologetic works.; Gee, Edward, 1657-1730.; Authority; Answer to the compiler of the Nubes testium.; Religious aspects.; Catholic Church",1687
A53185,R203029,O123KA,"The Observator vindicated, or An answer to Mr. Smythies's Reply to the Observator together with a brief, but just, censure on his sermon annex'd to it.",Anonymous,printed for Walter Davis in Amen Corner,London,"L'Estrange, Roger,; Smythies, William, d. 1715.; Fredom of religion; Sir, 1616-1704.; England; Reply to the Observator; Controversial literature; Early works to 1800.",1685
A54347,R32208,P151,"The mystery of the Gospel unvail'd wherein is plainly shewed and proved, that the man Christ Jesus has honoured all the perfections of God more than Adam and all his posterity could have done, had they continuted in their primitive state of innocency / first preached, and now published by Samuel Pack.","Pack, Samuel.",Printed for the author,London,Jesus Christ; Divinity.; Sinlessness.,1691
A50026,R222044,L961,"Sionis reductio, & exultatio. Or, Sions return out of captivity with Sions reioycing for her return. A discourse, intended for the solemn festivity of the English nation, at Livorno in Italy, upon the happy news of King Charles the Second his return into England, which was there celebrated with munificent feasting, and magnificent shows, fire-works, and other signs of triumph, three days together, in the month of July anno Dom. 1660. Since occasionally preached in part, at St. Margarets in Westminster, the Sonday [sic] after the solemnization of the Kings birth-day, and entry into London; and now presented to publick view, as to correct the mis-apprehension, and mis-interpretation of some that were present; so to prevent the mis-information, and depravation of others that were absent. By Ro. le Grosse, cleric. An orthodox priest of the Church of England; and D. Oecumenical, then residing in Livorno, at his return from grand Cairo in Egypt.","Le Grosse, Robert.",printed by Tho Leach,London,"Sovereign (1660-1685 : Charles II); Great Britain; England and Wales.; Restoration, 1660-1668; History; Kings and rulersl; Early works to 1800.",1662
A10242,S4427,20521.8,"The heart of the king, and the king of the heart, or, A briefe vnfolding of that remarkable proverbe of the royall preacher ... written in the time of His Maiesties abode at Plimmouth, and preferred vnto him in his returne from thence, anno 1625 : together with a short meditation vpon 2. Sam. 24.15., preached at a weekely lecture in Deuon, in those fearefull times of mortalitie / by J.P. Master of Arts and minister of the gospell.","Pyne, John.; J. P.",Printed by William Stansby,London,"O.T.; Proverbs XXI, 1; Bible.; Criticism, interpretation, etc.; Samuel, 2nd, XXIV, 15",1628
A16497,S106544,3410,"God and man. Or, a treatise catechisticall wherein the sauing knowledge of God and man is plainely, and breifely declared, whereby such as are ignorant may be helped, to heare sermons with profit, to reade the Bible or other bookes with iudgement, to receiue the Lords Supper with comfort, to discerne betweene truth and error, with vnderstanding, and to giue an answere to their minister, or any other that shall aske them a reason of their faith, with readinesse. Collected out of the sacred Scriptures, and the most orthodoxe and best approued diuines ancient and moderne, for the good of such as desire to be made wise to saluation, and heires of eternall life. By I.B. preacher of the Word.","Boughton, John, preacher of the word.",Printed by N icholas O kes for Samuel Man and are to be sold at his shop in Paules Church yard at the signe of the Swanne,London,English.; Catechisms; Church of England,1623
A18267,S4581,4884.5,"A table alphabeticall contayning and teaching the true writing and vnderstanding of hard vsuall English wordes, borrowed from the Hebrew, Greeke, Latine, or French &c. : with the interpretation thereof by plaine English words, gathered for the benefit and help of all vnskilfull persons : whereby they may the more easily and better vnderstand many hard English words, which they shall heare or read in Scriptures, sermons, or elsewhere, and also be made able to vse the same aptly themselues / set foorth by R.C. ; and newly corrected, and much inlarged by T.C.","T. C.; Cawdry, Robert.",Printed by T S for Edmund Weauer and are to be sold at his shop at the great north dore of Paules Church,London,Dictionaries; English language; Early works to 1700.,1609
A19037,S116664,5454,"The parable of the vncleane spirit pithily opened, and plainly applied; wherein is shewed Sathans possession, his dispossession, and repossession. A worke needfull for these secure times, in which the most neglect the meanes oftheir salvation. Preached, and now published, by Edmund Cobbes minister of the Word of God.","Cobbes, Edmund, b. 1592 or 3.",By T Cotes for Iohn Bellamie dvvelling at the three Golden Lyons in Cornehill,Printed at London,Christian life; Early works to 1800.; Salvation,1633
A13209,S118002,23507,"Lectures vpon the eleventh chapter to the Romans. Preached by that learned and godly divine of famous memorie, Dr. Sutton, in St. Marie Overies in Southwarke. Published for the good of all Gods Church generally, and especially of those that were then his hearers","Sutton, Thomas, 1585-1623.; Downame, John, d. 1652.",Printed by I ohn H aviland for Nicolas Bourne and are to be sold at his shop at the south entrance of the Royall Exchange,London,Commentaries; Bible.; Romans XI; Early works to 1800.; N.T.,1632
A19614,S117464,6048,"Collections out of S. Augustine and some few other Latine writers upon the first part of the Apostles Creed. By John Crompe, Master of Arts of C.C.C. in Cambridge, and vicar of Thornham in Kent. First preached in his Parish Church; and now inlarged (as here followes) for more publike use.","Crompe, John.",Printed by John Haviland for William Lee and are to be sold at his shop neere the Miter Taverne in Fleet street,London,Apostles' creed; Early works to 1800.,1638
A19036,S117518,5453,"Mundanum speculum, or, The worldlings looking glasse Wherein hee may clearly see what a woefull bargaine he makes if he lose his soule for the game of the vvorld. A worke needfull and necessarie for this carelesse age, wherein many neglect the meanes of their saluation. Preached and now published by Edmund Cobbes, master of the Word of God.","Cobbes, Edmund, b. 1592 or 3.",Printed by M Flesher for Phillip Waterhouse and are to be sold at his shop at the signe of St Pauls Head in Canon street neare London Stone,London,Christian life; Early works to 1800.,1630
A08552,S113626,1887,"The Christian conflict a treatise, shewing the difficulties and duties of this conflict, with the armour, and speciall graces to be exercised by Christian souldiers. Particularly applied to magistrates, ministers, husbands, wives, parents, children, masters, servants. The case of vsury and depopulation, and the errours of antinomists occasionally also discussed. Preached in the lecture of Kettering in the county of Northampton, and with some enlargement published by Ioseph Bentham, rector of the Church of Broughton in the same county.","Bentham, Joseph, 1594?-1671.",Printed by G M iller for Philemon Stephens and Christopher Meredith at the golden Lion in Pauls Church yard,London,Christian life; Early works to 1800.,1635
A04221,S107530,14340,"A treatise of the sufferings and victory of Christ, in the work of our redemption declaring by the Scripturs these two questions: that Christ suffered for vs the wrath of God, which we may well terme the paynes of hell, or hellish sorrowes. That Christ after his death on the crosse, went not into hell in his soule. Contrarie to certaine errours in these points publiklie preached in London: anno 1597.","Jacob, Henry, 1563-1624.",Printed by Richard Schilders,Middelburg,Jesus Christ; Redemption; Early works to 1800.,1598
A06160,S100760,16651,"Christs communion with his church militant First preached, and now published, for the good of Gods church in generall. By Nicholas Lockyer, Mr. of Arts.","Lockyer, Nicholas, 1611-1685.",Printed by E G riffin for Iohn Rothwell at the Sunne in S Pauls Church yard,London,Spiritual lifex; Early works to 1800.; Consolation; Anglican authors,1640
A03928,S104340,14036,"The second and last part of Reasons for refusall of subscription to the Booke of common prayer vnder the hands of certaine ministers of Deuon. and Cornwall, as they were exhibited by them to the right Reuerend Father in God William Cotton Doctor of Diuinitie, and Lord Bishop of Exceter. As also an appendix, or compendious briefe of all other exceptions taken by others against the bookes of communion, homilies, and ordination, word for word, as it came to the hands of an honorable personage. VVith an ansvvere to both at seuerall times returned them in publike conference, and in diuerse sermons vpon occasion preached in the cathedrall church of Exceter by Thomas Hutton Bachiler of Diuinitie, and fellow of S. Iohns Colledge in Oxon.","Cotton, William, d. 1621.; Hutton, Thomas, 1566-1639.",Printed by Iohn Windet for the Companie of Stationers,London,Customs and practices; Church of England; Book of common prayer; Versions; English; Church of England.; Bible.; Early works to 1800.,1606
A05347,S114016,15499,"A treatise of the authority of the church The summe wherof was delivered in a sermon preached at Belfast, at the visitation of the diocese of Downe and Conner the tenth day of August 1636. By Henrie Leslie bishop of the diocese. Intended for the satisfaction of them who in those places oppose the orders of our church, and since published upon occasion of a libell sent abroad in writing, wherin this sermon, and all his proceedings are most falsely traduced. Together with an answer to certaine objections made against the orders of our church, especially kneeling at the communion.","Leslie, Henry, 1580-1661.",Printed by the Society of Stationers printers to the Kings most Excellent Majesty,Dublin,Posture in worship; Apologetic works; Early works to 1800.; Church of England,1637
A04484,S103938,14615,"An apologie of priuate masse spred abroade in writing without name of the authour: as it seemeth, against the offer and protestacion made in certayne sermons by the reuerent father Bisshop of Salsburie: with an answer to the same Apologie, set foorth for the maintenance and defence of the trueth. Perused and allowed, by the reuerent father in God Edmonde Bisshop of London, accordynge to the order appoincted in the Que'enes maiestes iniunctions.","Cooper, Thomas, 1517?-1594.",Printed by T Powell,Londini,"Jewel, John, 1522-1571.; Controversial literature.; Church of England; Mass; True copies of the letters betwene the reverend father in God John Bisshop of Sarum and D. Cole; Celebration outside the church; Early works to 1800.",1562
A06161,S108798,16652,"A divine discovery of sincerity according to its proper and peculiar nature: very profitable for all sorts of persons to peruse. First preached, and now published, for the good of Gods Church in generall. By Nicholas Lockyer Master of Arts.","Lockyer, Nicholas, 1611-1685.",Printed by E G riffin for Iohn Rothwell at the Sunne in Pauls Church yard,London,Sincerity; Early works to 1800.,1640
A00415,S101734,10545,"Certaine godly and learned expositions vpon diuers parts of Scripture As they were preached, and afterwards more briefly penned by that vvorthy man of God, Maister George Estey, sometimes fellovve of Goneuill and Caius Colledge in Cambridge. Late preacher of the word of God in Saint Edmunds Burie.","Estey, George, 1560 or 61-1601. Most sweete and comfortable exposition, upon the tenne commaundements, and upon the 51. Psalme.; Estey, George, 1560 or 61-1601.",Printed by I ames R oberts for Richard Banckworth and are to be sold in Paules Church yard at the signe of the Sunne,At London,Commentaries.; Bible,1603
A25215,R16170,A2917,"The mischief of impositions, or, An antidote against a late discourse, partly preached at Guild-hall Chappel, May 2, 1680, called The mischief of separation","Alsop, Vincent, 1629 or 30-1703.",Printed for Benj Alsop,London,"Great Britain; Stillingfleet, Edward, 1635-1699.; History; Dissenters, Religious; Stuarts, 1603-1714.; England.; Mischief of separation.",1680
A27629,R38703,B2180,"The thousand years kingdom of Christ, in its full Scripture-state answering Mr. Baxter's new treatise, in opposition to it : humbley presented to the churches of Christ, particularly to the angels of the churches / by T. Beverley, a fore-runner to the everlasting Gospel of that kingdom, near to be preach'd.","Beverley, Thomas.",s n,London,"Second Advent; Millennium; Glorious kingdom of Christ.; Baxter, Richard, 1615-1691.; Early works to 1800.",1690
A25343,R40283,A3076,"Ancient truth revived, or, A True state of the antient, suffering Church of Christ, commonly (but falsly) called Brownists, living in London, and other places of this nation wherein I. Is shewed (in the preface) the state of the gospel-church, from the time of Christ's ascension, to the end of the world, gathered out of the book of Revelations, II. The confession of our faith, grounded on the doctrine of the apostles and prophets, III. By vvhom the gospel vvas first preached in this island, IV. Our practice in the worship of God, according to the practice of the primitive church, with an explanation of every ordinance, and vvho have right to administer the same, V. The first day of the week proved to be the gospel-sabbath.",Anonymous,s n,London printed,Brownists.; Congregationalism.,1677
A21069,S1911,7435.5,"Information for the ignorant, or, The applicatory part of a late printed book, called, A light for the ignorant containing a few observations upon the I Cor. 10, which doe strongly prove it to be absolutely sinfull to heare the word preached in any false state, or assembly, whatsoever : also a postscript containing a challenge (layd down in 9. propositions) to all the Non-conformists in Old and New England, and Holland / made by N.E.",N. E.,Cloppenburg Press,Amsterdam,"Corinthians, 1st, X; Bible.; Dissenters.; Criticism, interpretation, etc.; N.T.",1640
A29744,R25301,B5022,"The vnerring and vnerrable church, or, An answer to a sermon preached by Mr. Andrew Sall formerly a Iesuit, and now a minister of the Protestant church / written by I.S. and dedicated to His Excellency the Most Honourable Arthur Earl of Essex ...",I. S.,s n,S l,Christian union.,1675
A21258,S100323,7610,"The complaint of a sanctified sinner answered: or An explanation of the seuenth chapter of the Epistle of Saint Paul to the Romans deliuered in diuers sermons. Preached by Edward Elton, Bachelour in Diuinitie, and preacher of Gods Word at Saint Mary Magdalens Barmondsey neere London. An now by him published, intending the common good and profit of Gods Church.","Elton, Edward, d. 1624.",Printed by W Stansby for Robert Mylbourne and are to be sold in Pauls Church yard at the signe of the Blacke Beare,London,Bible.; Commentaries.; N.T.; Romans VII,1618
A29121,R213087,B4136A,"The second Adam being the second part, or branch of the comparison between the first, and the second Adam, in these words, so by the obedience of one, shall many be made righteous. By Thomas Bradley doctor of divinity, chaplaine to His late Majesty King Charles the First, and præbend of York. And there preached at Lent assizes holden there, 1667/8. Oxon. Exon.","Bradley, Thomas, 1597-1670.",printed by Stephen Bulkley and are to be sold by Richard Lambert,York,Jesus Christ; Person and offices; Early works to 1800.,1668
A34785,R4524,C6622,"The Covenanters catechisme, or, A brief and familiar analysis and exposition of the Covenant first delivered in sundry sermons to a particular congregation : and now resolved into questions and answers for the more publike good / by the same avthor.",Anonymous,By John Raworth,Printed at London,Solemn League and Covenant (1643),1644
A37030,R214401,D279A,"A contemplation of mans mortalitie. Preached at Reading, by John Dashfield, M.A.","Dashfield, John.",s n,Printed at London,Man (Christian theology); Mortality; Early works to 1800.,1649
A33218,R23257,C4393,A reply to a pamphlet called The mischief of impositions which pretends to answer the Dean of St. Paul's sermon concerning The mischief of separation.,"Clagett, William, 1646-1688.",Printed for Walter Kettilby,London,"Stillingfleet, Edward, 1635-1699.; Alsop, Vincent, 1629 or 30-1703.; Dissenters, Religious; England.; Mischief of separation.; Mischief of impositions.",1681
A39910,R28411,F1484,"A discourse concerning God's judgements resolving many weighty questions and cases relating to them. Preached (for the substance of it) at Old Swinford in Worcester-shire: and now publish'd to accompany the annexed narrative, concerning the man whose hands and legs lately rotted off: in the neighbouring parish of Kings-Swinford, in Staffordshire; penned by another author. / by Simon Ford ...","Ford, Simon, 1619?-1699.; Illingworth, James, d. 1693. A just narrative or account of the man whose hands and legs rotted off.",Printed by A C for Henry Brome at the Gun at the West end of St Pauls,London,"Duncalf, John, d. 1677.; Providence and government of God.",1678
A30305,R34773,B5738,"The poor man's help and young mans guide containing I. Doctrinal instructions for the right informing of his judgment, II. Practical directions for the general course of his life, III. Particular advices for the well-managing of every day : with reference to his [brace] 1. Natural actions, 2. Civil imployments, 3. Necessary recreations, 4. Religious duties : particularly I. Prayer [brace] publick in the congregation, private in the family, secret in the closet, II. Reading the Holy Scriptures, III. Hearing of the Word preached, IV. Receiving of the Lord's Supper : unto which is added an earnest exhortation unto all Christians to the love and practice of universal holiness / by William Burkitt ...","Burkitt, William, 1650-1703.",Printed for Tho Parkhurst,London,Christian life.,1694
A38609,R217341,E3263A,"New observations upon the decalogue: or The second of the four parts of Christian doctrine, preached upon the catechism. By John Despagne Minister of the Gospel","Espagne, Jean d', 1591-1659.",printed by Thomas Newcomb for Joshuah Kirton and are to be sold at his shop at the sign of the Kings Arms in Pauls Church yard,London,"Essence, genius, nature; Early works to 1800.; Christianity; Christian ethics",1652
A37485,R41917,D898,"Two letters to Dr. Benjamin Calamy one in English, the other in Latine / by Thomas De Laune, upon his imprisonment in Newgate, for the answer given at the said Dr. Calamy's call, to his sermon entituled, A discourse about a scrupulous conscience, in a late piece called, A plea for the non-conformists, &c.","De Laune, Thomas, d. 1685.",s n,London,"Calamy, Benjamin, 1642-1686.; Discourse about a scrupulous conscience.; Dissenters, Religious; England.; Liberty of conscience",1683
A34979,R8981,C6916,"Christ alone exalted in Dr. Crisp's sermons partly confirmed in answering Mr. Daniel Williams's preface to his Gospel truth stated, by alledging testimonies from Scripture and the doctrine of the Church of England, in the Book of homilies establish'd by law and other orthodox authorities : shewing how he hath wronged as well the truth as the said doctor in the great point of justification by the Neonomian doctrine / humbly offer'd by S.C., an unworthy son of the said doctor, author of a book entituled, Christ made sin, reflected on by Mr. Williams.","Crisp, Samuel, 17th cent.",Printed for William Marshall and Henry Barnard,London,"Crisp, Tobias, 1600-1643.; Williams, Daniel, 1643?-1716.; Christ alone exalted.; Gospel-truth stated and vindicated.",1693
A36265,R33458,D1827B,"The reason why not infant sprinkling but believers baptism ought to be approved is because the Lord Jesus Christ, his forerunner, and apostles preach't it, and practic'd it as hereby will further appear by Scripture authority in about fourty texts, with notes on every text : to which is added, how infant sprinkling came in fashion, the evil tendencies of infant sprinkling, answers to objections, differences betw. believ. baptism and inf. sprink. with several other things / by a believer baptiz'd.","Doe, Charles.",s n,London printed,Baptism.; Controversial literature.; Infant baptism,1694
A38608,R13854,E3263,"New observations upon the Creed, or, The first of the four parts of the doctrine of Christianity preached upon the catechism of the French churches : whereunto is annexed The use of the Lords prayer maintained / by John Despagne ... ; translated out of French into English.","C. M. D. M.; Espagne, Jean d', 1591-1659.",Printed by Ruth Raworth for Thomas Whitaker,London,No Keywords,1647
A31039,R11565,B910,"The rector of Sutton committed with the dean of St. Paul's, or, A defence of Dr. Stillingfleet's Irenicum, his discourses of excommunication, idolatry, and other writings, against his late sermon entituled, The mischief of separation by the author of the Christian temper, in a letter to a friend.","Barret, John, 1631-1713.; Alsop, Vincent, 1629 or 30-1703.",Printed by J D to be sold by Richard Janeway,London,"Irenicum.; Mischief of separation.; Stillingfleet, Edward, 1635-1699.",1680
A68174,S104014,13269,"A briefe and moderate answer, to the seditious and scandalous challenges of Henry Burton, late of Friday-Streete in the two sermons, by him preached on the fifth of November. 1636. and in the apologie prefixt before them. By Peter Heylyn.","Heylyn, Peter, 1600-1662.",Printed by Ric Hodgkinsonne and are to be sold by Daniel Frere dwelling in little Brittan at the signe of the red Bull,London,"Burton, Henry, 1578-1648.; For God, and the King; Controversial literature.; Apology of an appeale",1637
A65701,R1639,W1724,"A discourse of the love of God shewing that it is well consistent with some love or desire of the creature, and answering all the arguments of Mr. Norris in his sermon on Matth. 22, 37, and of the letters philosohical and divine to the contrary / by Daniel Whitby ...","Whitby, Daniel, 1638-1726.",Printed for Awnsham and John Churchill,London,"Norris, John, 1657-1711.; God; Worship and love.",1697
A64635,R10033,U161,"Certain discourses, viz. of Babylon (Rev. 18. 4.) being the present See of Rome (with a sermon of Bishop Bedels upon the same words) of laying on of hands (Heb. 6. 2.) to be an ordained ministry, of the old form of words in ordination, of a set form of prayer : each being the judgment of the late Arch-bishop of Armagh, and Primate of Ireland / published and enlarged by Nicholas Bernard ... : unto which is added a character of Bishop Bedel, and an answer to Mr. Pierces fifth letter concerning the late Primate.","Ussher, James, 1581-1656.; Bedell, William, 1571-1642.; Bernard, Nicholas, d. 1661.",Printed for John Crook,London,"Bedell, William, 1571-1642.; Catholic Church; Controversial literature.",1659
A64394,R34652,T736,"Publii Terentii Carthaginiensis Afris poëtae lepidissimi comoediae sex Anglo-Latinae in usum ludi-discipulorum, quo Feliciùs venustatem linguae Latinae ad sermonem quotidianum exercendum assequantur / a Carolo Hoole ... = Six comedies of that excellent poet Publius Terentius, an African of Carthage, in English and Latine : for the use of young scholars, that they may the more readily attain the purity of the Latine tongue for common discourse / by Charles Hoole ...","Terence.; Hoole, Charles, 1610-1667.",Printed for the Company of Stationers,London,Latin drama (Comedy),1663
A66437,W15452,W2743,"Warnings to the unclean in a discourse from Rev. XXI. 8. Preacht at Springfield lecture, August 25th. 1698. At the execution of Sarah Smith. By Mr. John Williams pastor of the Church at Deerfield.","Williams, John, 1664-1729.",printed by B Green and J Allen for Michael Perry at his shop over against the Town House,Boston,"Christian literature; Repentance; Massachusetts; Executions and executioners; Smith, Sarah, d. 1698; Early works to 1800.",1699
A69662,R4327,B6162A,"A full and satisfactorie ansvvere to the Arch-bishop of Canterbvries speech, or, Funerall sermon preached by himselfe on the Tower-hill, on Friday the tenth of Ianuary, 1645, upon Hebr. 12. 1, 2 at which time he was there and then beheaded wherein is a full and plenary discourse to satisfie all those who have been startled with his suttle and Jesuiticall falacies and evasions in the said speech : and other passages and observations of great consequence, to satisfie the expectation of the Kingdome therein.","Burton, Henry, 1578-1648.",Printed by Jane Coe,London,"Laud, William, 1573-1645.",1645
A64178,R6037,T476,"Love one another: a tub lecture, preached at Watford in Hartfordshire at a conventicle on the 25. of December last, being Christmas day, by John Alexander, a joyner. His text was taken out of the epistle of Saint Iohn, and himselfe was taken by Captaine Bird, Lieutenant Rock, and other officers, from whom he received such usage as his doctrine did deserve; for which the said officers were commended by the Parliament.","Taylor, John, 1580-1653.",s n,London,"Religious aspects; England; Love; Dissenters, Religious; Early works to 1800.",1643
A66772,R12240,W3181,"A proclamation in the name of the King of kings, to all inhabitants of the isles of Great Brittain and especially to those who have hypocritically pretended to justice, mercy, honesty, and religion (as also to them who have lived in open prophaness and impiety) summoning them to repentance, by denouncing God's judgements, and declaring his mercy, offered in the everlasting gospel / warrantably proclaimed and preached by Geo. Wither ... ; whereto are added, some fragments of the same authors, omitted in the first imprinting of the book, intituled Scraps and crums, and a few which were collected since that impression, and during his imprisonment.","Wither, George, 1588-1667.",s n,London,"Great Britain; History; Puritan Revolution, 1642-1660; Wither, George, 1588-1667.; Poetry.",1662
A69511,R1013,A63,"Cheap-side Crosse censured and condemned by a letter sent from the vicechancellour and other learned men of the famous Vniversitie of Oxford in answer to a question propounded by the citizens of London, concerning the said crosse, in the yeere 1600, in which yeer it was beautified : as also a remarkable passage to the same purpose, in a sermon preached to an eminent and very great auditory in this city of London / by a very reverend, holy, and learned divine, a while after the crosse was last repaired, which was anno 1606.","Archer, John, Master of Art.; Abbot, George, 1562-1633.",Printed by A N for I R and are to be sold at his shop,London,"Cheapside Cross (London, England)",1641
A62878,R21407,T1827,"Væ scandalizantium, or, A treatise of scandalizing wherein the necessity, nature, sorts, and evills of scandalizing, are handled, with resolution of many questions thereto pertaining / preached at Lemster, in Herefordshire by Iohn Tombes ...","Tombes, John, 1603?-1676.",Printed by Leon Lichfield for Edward Forrest,Oxford,"Bible.; Luke XVII, 1-2; Criticism, interpretation, etc.; N.T.",1641
A76316,R201292,B1668,"An examination of the chief points of Antinomianism, collected out of some lectures lately preached in the church of Antholines parish, London: and now drawn together into a body, and published for the benefit of all that love the holy truth of God, / by Thomas Bedford B. D. Vnto which is annexed, an examination of a pamphlet lately published, intituled The compassionate Samaritan, handling the power of the magistrate in the compulsion of conscience: by the same author.","Bedford, Thomas, d. 1653.",Printed by John Field for Philemon Stephens and are to be sold at his shop at the sign of the gilded Lyon in Pauls Church yard,London,"Walwyn, William, 1600-1681.; Great Britain; 17th century; England; Antinomianism; Compassionate Samaritane unbinding the conscience; Church and state; Church history; Controversial literature; Early works to 1800.",1647
A77638,R206796,B5014,"The naked vvoman, or a rare epistle sent to Mr. Peter Sterry minister at Whitehall; desiring him to shew the causes or reasons of his silence, in that he neither by his ministeriall office, charged the magistrates that were present to redresse, nor so much as shewd any sign of grief or detestation, as became a sincere Christian; against that most strange ans shamefull late act of an impudent woman, in the midst of his sermon on a Lords day at Whitehall chapell, concerning the resurrection, before the chief states of this nation. A satisfactory answer he returned; which with a lving acceptance thereof, are here also printed; very worthy the observation of all, both sexes and degrees of people in these nations.","Brown, David, fl. 1650-1652.; Sterry, Peter, 1613-1672.",printed for E Blackmore at the Angel in Pauls Church yard,London,"Religion; Naked woman, or a rare epistle to sent to Mr. Peter Sterry minister at Whitehall.; Brown, David, fl. 1650-1652.; Early works to 1800.; Sterry, Peter, 1613-1672.",1652
A70157,R223664,G290,"A just defence and vindication of Gospel ministers and Gospel ordinances against the Quakers many false accusations, slanders and reproaches. In ansvver to John Horwood his letter, and E.B. his book, called, A just and lawful tryal of the ministers and teachers of this age, and several others. Proving the ministers calling and maintenance just and lawful, and the doctrine of perfection by free justification, preached by them, agreeable to the scriptures. VVith the Quakers objections answered. And the Quakers perfection by hearkning to, and obeying a light within them, proved contrary to the scriptures. And their practices in ten particulars proved contrary to the commands and examples of Christ and his apostles. By a lover of gospel ministers and gospel ordinances.","Gaskin, John, fl. 1660.",printed by W G for the author and are to be sold by Isaac Pridmore at the signe of the Golden Falcon neer the New Exchange,London,"Quakers; Society of Friends; Burrough, Edward, 1634-1662.; Just and lawful trial of the teachers & professed ministers of England, by a perfect proceeding against them; Controversial literature; Early works to 1800.",1660
A78013,R206611,B6143,"An individuall letter to every man that calls himselfe a minister of Jesus Christ. Penned more particularly for Mr. Christopher Love, upon some observations from his sermon, preached Jan. 29. 1644. at Windsor, and re-preached at Uxbridge, Jan. 30. 1644. upon Jer. 33. 6. Whereby the author doth examine and enquire, whether Master Love were ever called by God, and Jesus Christ, or directed by the spirit of truth to preach the said sermon: or ever sent forth by Jesus Christ to be his minister. Being also for a caveat or memento to all others who call themselves Christs ministers, to examine whether ever they had a mission or commission from Jesus Christ so to doe, the having embroyled the land of our nativity in an unnaturall warre formerly one with another, contrary to any command, precept, or practises of Christ and his apostles, or word of truth: by whose evill practises they have caused the gospel of truth and peace to be evill spoken of, and have opened a torrent of blood, which none but the heavenly physitian can stop and cure; to whom the author intreateth the people to looke, and pray, and waite for help, for vain is the help of man. Written by an English man, Christs servant, for Englands remembrance.","Burt, Nathaniel, fl. 1644-1655.",s n,London,"Lay preaching; Clergy; Early works to 1800.; Love, Christopher, 1618-1651.",1651
A77497,R200258,B4712,"The doctrine and practice of paedobaptisme, asserted and vindicated. By a large and full improovement of some principall arguments for it, and a briefe resolution of such materiall objections as are made against it. Whereunto is annexed a briefe and plaine Enarration, both doctrinall and practicall, upon Mark 10.V.13.14.15.16. As it was some time since preached in the church of Great Yarmouth: now published for an antidote against those yet spreading errours of the times, Anabaptisme and Catabaptisme. / By Joh. Brinsley.","Brinsley, John, 1600-1665.",Printed for Charles Greene and are to be sold at his shop in Ivie Lane at the signe of the Gun,London,Early works to 1800.; Infant baptism,1645
A50162,W479520,M1153,"Small offers towards the service of the tabernacle in the wilderness four discourses accommodated unto the designs of practical godliness : preached partly at Boston, partly at Charleston / by Cotton Mather ; published by a gentleman lately restored from threatening sickness as a humble essay to serve the interest of religion, in gratitude unto God for his recovery.","Mather, Cotton, 1663-1728.",Printed by R Pierce sold by Jos Brunning,Boston,Piety.; Christian life.; Spiritual life.,1689
A59900,R21027,S3371,A vindication of Dr. Sherlock's sermon concerning The danger of corrupting the faith by philosophy in answer to some Socinian remarks / by William Sherlock ...,"Sherlock, William, 1641?-1707.",Printed for W Rogers,London,"Socinianism.; Faith; Danger of corrupting the faith by philosophy.; Sherlock, William, 1641?-1707.; Early works to 1800.",1697
A47136,R218958,K158,"Divine immediate revelation and inspiration, continued in the true church second part. In two treatises: the first being an answer to Jo. W. Bajer Doctor and Professor of Divinity, so called, at Jena in Germany, published first in Latine, and now in English. The second being an answer to George Hicks, stiled Doctor of Divinity, his sermon preached at Oxford, 1681. and printed with the title of, The spirit of enthusiasm exorcised; where this pretended exorcist is detected. Together, with some testimonies of truth, collected out of diverse ancient writers and fathers, so called. By G.K.","Keith, George, 1639?-1716.",s n,London,"Revelation; Spirit of enthusiasm exorcised; Baier, Johann Wilhelm, 1647-1695; Hickes, George, 1642-1715.; Early works to 1800.",1685
A44843,R19160,H3230,"The record of sufferings for tythes in England the sufferers are, The seed of God, or, The assembly of his first-born, or, The first fruits unto God in England, in this age, who are called to be faithful, and have been found faithful, therefore have we suffered willingly the spoiling of our goods, for to us the truth is more precious then our estates, lives, or outward liberties, and thererfore hath the Lord accounted us first worthy to suffer for his name sake, and to be as lights in this deceitful generation : those which our suffering is a testimony against, is that priesthood which is light and treacherous, which in all ages the Lord raised up faithful witnesses against : ... : and in these dayes we may say, that they are worse then any troop of robbers, or any that preached for hire that ever went before them, as will appear in this book following, by their devouring vvidovvs houses spoiling mens goods, and destroying mens persons / given forth from those whom the Lord regards, who do tremble at his word, for which cause we are in scorn called Quakers ...","Hubberthorn, Richard, 1628-1662.",Printed for Tho Simmons,London,Tithes; England.,1658
A47903,R22008,L1286,"The Presbyterian sham, or, A commentary upon the new old answer of the Assembly of divines to Dr. Stillingfleet's sermon","L'Estrange, Roger, Sir, 1616-1704.",s n,London,"Westminster Assembly (1643-1652); Stillingfleet, Edward, 1635-1699.",1680
A44308,R28683,H2608,"The non-conformists champion, his challenge accepted, or, An answer to Mr. Baxter's Petition for peace written long since, but now first published upon his repeated provocations and importune clamors, that it was never answered : whereunto is prefixed an epistle to Mr. Baxter with some remarks upon his Holy Common-wealth, upon his Sermon to the House of Commons, upon his Non-conformists plea for peace and upon his Answer to Dr. Stillingfleet. / by Ri. Hooke.","R. H. (Richard Hooke); Baxter, Richard, 1615-1691. Holy commonwealth.; Baxter, Richard, 1615-1691. Petition for peace.; Baxter, Richard, 1615-1691. Sermon of repentance.",Printed for Tho Flesher,London,"Dissenters, Religious; England.",1682
A40761,R29520,F257,"A few lines given forth and a true testimony of the way which is Christ whom the saints enjoyes who have believed in the light and followed it into the regeneration, which they come to know through the preaching of the Gospel which hath been received in the power of God in these latter dayes and hath been preached in the demonstration of the Spirit.","Fairman, Lydia.",Printed for Thomas Simmons,London,Society of Friends.; Inner Light.,1659
A42271,R21762,G2161,"A vindication of the conforming clergy from the unjust aspersions of heresie, &c. in answer to some part of Mr. Jenkyn's funeral sermon upon Dr. Seaman : with short reflexions on some passages in a sermon preached by Mr. J.S. upon 2 Cor. 5:20 : in a letter to a friend.","Grove, Robert, 1634-1696.",Printed for Walter Kettilby,London,"Church of England; Jenkyn, William, 1613-1685.; Clergy.; Exodus.; Seaman, Lazarus, d. 1675.",1676
A44674,R215391,H3022,"A discourse of an unconverted man's enmity, against God Preached to a country congregation, by J.H. And publish'd by one who wrote it from his mouth.","Howe, John, 1630-1705.",printed by J Heptinstall,London,Conversion; Repentance; Proof; God; Early works to 1800.,1700
A41072,R31506,F642,"Womens speaking justified, proved and allowed of by the Scriptures, all such as speak by the spirit and power of the Lord Jesus and how women were the first that preached the tidings of the resurrection of Jesus, and were sent by Christ's own command, before he ascended to the Father, John 20:17.","Fox, Margaret Askew Fell, 1614-1702.; Fox, Margaret Askew Fell, 1614-1702. A touch-stone.",s n,London printed,Christianity.; Religious aspects; Controversial literature.; Society of Friends; Women; Women in Christianity.,1666
A47973,R9509,L1368,"A letter from a clergy-man in the country, to a minister in the city, concerning ministers intermedling with state-affairs in their sermons & discourse",Clergy-man in the country.,s n,London,England.; Church and state,1689
A42539,R8940,G420,"Upon the meeting of the sons of the clergy at a sermon preached before them in Saint Pauls church the eighth of November, 1655 specifying their several capacities, as they stood in the time of the law, and now under the gospel / by E. G.","Gayton, Edmund, 1608-1666.",Printed by T R,London,No Keywords,1655
A49256,R220429,L3175,"Short and plaine animadversions on some passages in Mr. Dels sermon first preached before the Honourable House of Commons on Novemb. 25. 1646. But since printed without their order Setting forth the many dangerous and destructive assertions therein both to church and state, the covenant, and the reformation so much desired. Together, with an answer to an unlicensed pamphlet annext to the sermon, entituled, A reply to Master Loves contradictions. By Christopher Love minister of Anne Aldersgate, London. The second edition. Imprimatur Ja. Cranford. Decemb. 17. 1646.","Love, Christopher, 1618-1651.",printed by R Cotes for Iohn Bellamie at the three Golden Lions in Cornhill neer the Royall Exchange,London,"Dell, William, d. 1664.; Great Britain; 17th century; Government; Right reformation; Church of England; Church polity; Church history; Early works to 1800.",1647
A43399,R19309,H1531,"A reply in the defence of Oxford Petition, with a declaration of the academians teares for the decay of learning, or, The vniversities feares also the description of a reverend coachman which preached before a company of Brownists / by Tho. Herbert.","Herbert, Thomas, 1597-1642?",s n,London,No Keywords,1641
A44741,R14726,H310,"A letter of friendly admonition to a divine of the Synod, upon occasion of a sermon preached by him, Octob. 18, 1647 together, with certaine quæres presented to the Synod : wherein the maine objections against the Common-prayer set forth in the preface to the late Directory are examined : together, with other acts that have been done against the suffering party of this kingdome : and the answer of the Synod desired thereunto / by a hearty wel-wisher to truth & peace, T.W.","Halifax, George Savile, Marquis of, 1633-1695.; T. W.",s n,London,Westminster Assembly (1643-1652); Government.; Church of England,1647
A04626,S107863,14747,"A treatise of patience in tribulation first, preached before the Right Honourable the Countesse of Southampton in her great heauines for the death of her most worthy husband and sonne: afterward inlarged for the helpe of all that are any way afflicted crossed or troubled. By William Iones B. of D. and P. of Arraton in the Isle of Wight. Herevnto are ioyned the teares of the Isle of Wight, shed on the tombe of their most noble Captaine Henrie Earle of Southampton and the Lord Wriothesly his sonne.","Jones, William, b. 1581 or 2.",Printed by William Iones dwelling in Red crosse streete,London,"Wriothesley, James Wriothesley,; Earl of, 1573-1624; Death and burial; Lord, 1605-1624; Poetry.; Southampton, Henry Wriothesley,",1625
A09376,S2273,19677.5,"A cloud of faithfull witnesses, leading to the heauenly Canaan, or, A commentarie vpon the 11 chapter to the Hebrewes preached in Cambridge by that godly, and iudicious divine, M. William Perkins ; long expected and desired, and therefore published at the request of his executours, by Will. Crashawe and Tho. Pierson, preachers of Gods Word, who heard him preach it, and wrote it from his mouth.","Perkins, William, 1558-1602.",Printed by Humfrey Lownes for Leo Greene,At London,Bible.; Hebrews XI; Commentaries.; N.T.,1607
A03833,S121138,13948,"A reioynder to Doctor Hil concerning the descense of Christ into Hell Wherein the answere to his sermon is iustlie defended, and the roust of his reply scraped from those arguments as cleanlie, as if they had neuer bene touched with that canker. By Alexander Hume, Maister of Artes. Heere, besides the reioynder, thou hast his paralogismes: that is, his fallacies and deceits in reason pointed out, and numbered in the margin: amounting to the nomber of 600. and aboue: and yet not half reckoned.","Hume, Alexander, schoolmaster.",Robert Waldegrave,Edinburgh,"Hill, Adam, d. 1595.; Defence of the article: Christ descended into Hell.; Jesus Christ; Descent into hell; Early works to 1800.",1594
A01979,S103304,12123,"The vvhole-armor of God: or A Christians spiritual furniture, to keepe him safe from all the assaults of Satan First preached, and now the second time published and enlarged for the good of all such as well vse it:whereunto is also added a treatise of the sinne against the Holy Ghost. By VVilliam Gouge B.D. and preacher of Gods Word in Blacke Fryers London. ...","Gouge, William, 1578-1653.",Printed by Iohn Beale,At London,"Early works to 1800.; Sin, Unpardonable; Spiritual life; Modern period, 1500-.",1619
A03342,S119430,13462,CVIII lectures vpon the fourth of Iohn Preached at Ashby-Delazouch in Leicester-shire. By that late faithfull and worthy minister of Iesus Christ. Arthur Hildersam.,"Cotton, John, 1584-1652.; Hildersam, Arthur, 1563-1632.",Printed by George Miller for Edward Brewster and are to be sold in Pauls Church yard at the signe of the Bible,London,John IV; Commentaries; Bible.; Early works to 1800.; N.T.,1632
A09463,S115736,19748,The combat betvveene Christ and the Diuell displayed: or A commentarie vpon the temptations of Christ: preached in Cambridge by that reuerend and iudicious diuine M. William Perkins,"Perkins, William, 1558-1602.; Pierson, Thomas, ca. 1570-1633.",Printed by Melchisedech Bradwood for E E dgar and are to be solde by Cuthbert Burby in Pauls Church yard at the signe of the Swan,London,Jesus Christ; Early works to 1800.; Temptation,1606
A00710,S120634,10841A,"Newes from Scotland, declaring the damnable life and death of Doctor Fian a notable sorcerer, who was burned at Edenbrough in Ianuary last. 1591. Which doctor was regester to the diuell that sundry times preached at North Barrick Kirke, to a number of notorious witches. With the true examination of the saide doctor and witches, as they vttered them in the presence of the Scottish king. Discouering how they pretended to bewitch and drowne his Maiestie in the sea comming from Denmarke, with such other wonderfull matters as the like hath not been heard of at any time. Published according to the Scottish coppie.","Carmichael, James, 1542 or 3-1628, attributed name.",Printed By E Allde for William Wright,At London,"Scotland; Witchcraft; Early works to 1800.; Fian, John, d. 1591",1592
A09465,S100455,19751,A treatise of mans imaginations Shewing his naturall euill thoughts: His want of good thoughts: The way to reforme them. Framed and preached by M. Wil. Perkins.,"Piersonn, Thomas.; Perkins, William, 1558-1602.",Printed by Iohn Legat printer to the Vniuersitie of Cambridge And are to be sold in Pauls churchyard at the signe of the Crowne by Simon Waterson,Cambridge,Good and evil; Christian life; Early works to 1800.,1607
A09418,S105978,19710,"The foundation of Christian religion gathered into sixe principles. And it is to bee learned of ignorant people, that they may be fit to hear sermons with profit, and to receiue the Lords Supper with comfort.","Perkins, William, 1558-1602.",Printed by Thomas Orwin for Iohn Porter,London,Early works to 1800.; Theology,1591
A07805,S112913,18183,"The encounter against M. Parsons, by a revievv of his last sober reckoning, and his exceptions vrged in the treatise of his mitigation. Wherein moreouer is inserted: 1. A confession of some Romanists, both concerning the particular falsifications of principall Romanists, as namely, Bellarmine, Suarez, and others: as also concerning the generall fraude of that curch, in corrupting of authors. 2. A confutation of slaunders, which Bellarmine vrged against Protestants. 3. A performance of the challenge, which Mr. Parsons made, for the examining of sixtie Fathers, cited by Coccius for proofe of Purgatorie ... 4. A censure of a late pamphlet, intituled, The patterne of a Protestant, by one once termed the moderate answerer. 5. An handling of his question of mentall equiuocation (after his boldnesse with the L. Cooke) vpon occasion of the most memorable, and feyned Yorkeshire case of equiuocating; and of his raging against D. Kings sermon. Published by authoritie","Morton, Thomas, 1564-1659.",Printed by W Stansby at Eliot s Court Press for Iohn Bill,London,"Quiet and sober reckoning with M. Thomas Morton; Parsons, Robert, 1546-1610.; Catholic Church; Controversial literature; Early works to 1800.",1610
A02631,S4692,12759.5,"A briefe answere of Thomas Harding Doctor of Diuinitie touching certaine vntruthes with which Maister Iohn Iuell charged him in his late sermon at Paules Crosse the VIII of Iuly, anno 1565.","Harding, Thomas, 1516-1572.",Typis Ægid Diest,Antuerpiæ,"Doctrines.; Catholic Church; Jewel, John, 1522-1571.",1565
A01987,S118696,12131,"The aunswer of Iohn Gough preacher, to Maister Fecknams obiections against his sermon, lately preached in the Tower of London. 15. Ianurie. 1570.","Gough, John, fl. 1561-1570.",By Iohn Awdeley dwellynge in little Britaine streete without Aldersgate,Imprinted at London,"Early works to 1800.; Feckenham, John de, 1518?-1585",1570
A09443,S114701,19732,"A godly and learned exposition or commentarie vpon the three first chapters of the Reuelation. Preached in Cambridge by that reuerend and judicious diuine, maister William Perkins, Ann. Dom. 1595. First published for the benefit of Gods Church, by Robert Hill, Bachelor of Diuinitie","Perkins, William, 1558-1602.",Printed by Adam Islip for Cuthbert Burbie and are to be sold at his shop in Paules Churchyard at the signe of the Swan,London,Commentaries; Bible.; Revelation I-III; Early works to 1800.; N.T.,1606
A11012,S116153,21283,"Lectures, vpon the history of the Passion, Resurrection, and Ascension of our Lord Iesus Christ Beginning at the eighteenth chapter of the Gospell, according to S. Iohn, and from the 16. verse of the 19. chapter thereof, containing a perfect harmonie of all the foure Euangelists, for the better vnderstanding of all the circumstances of the Lords death, and Resurrection. Preached by that reuerend and faithfull seruant of God, Mr. Robert Rollocke, sometime minister of the Euangell of Iesus Christ, and rector of the Colledge of Edinburgh.","Arthur, William, fl. 1606-1619.; Rollock, Robert, 1555?-1599.; Charteris, Henry, 1565-1628.",Printed by Andro Hart,Edinburgh,Passion; Resurrection; Ascension; Jesus Christ; Early works to 1800.,1616
A13551,S111520,23845,"The practise of repentance laid downe in sundry directions, together with the helpes, lets, signes and motiues. In an easie method, according to the table prefixed. As it was preached in Aldermanbury by Thomas Taylor.","Taylor, Thomas, 1576-1632.",Printed by H Lownes for J Bartlet at the gilt Cup in Cheapeside,London,Early works to 1800.; Repentence,1628
A11010,S116171,21281,"Lectures vpon the first and second Epistles of Paul to the Thessalonians: preached by that faithfull seruant of God M. Robert Rollock, some-tyme minister of the Euangell of Iesus Christ, and rector of the Colledge in Edinburgh","Arthur, William, fl. 1606-1619.; Rollock, Robert, 1555?-1599.; Rollock, Robert, 1555?-1599. In Epistolam Pauli Apostoli ad Thessalonicenses priorem commentarius. aut; Charteris, Henry, 1565-1628.",Printed by Robert Charteris printer to the Kings most excellent Majestie,Edinburgh,"Thessalonians, 2nd; Commentaries; Bible.; Thessalonians, 1st; Early works to 1800.; N.T.",1606
A13812,S113017,24113,"An ansvvere to certein assertions of M. Fecknam, sometime abbot of Westminster which he made of late against a godly sermon of M. Iohn Goughes, preached in the Tower the xv. of Ianuarie. 1570. Seen and allowed.","Gough, John, fl. 1561-1570, attributed name.; Tomson, Laurence, 1539-1608.; Feckenham, John de, 1518?-1585, attributed name.",By Henrie Bynneman,Imprinted at London,"Gough, John, fl. 1561-1570; Early works to 1800.; Feckenham, John de, 1518?-1585",1570
A13538,S118153,23827,"Dauids learning, or The vvay to true happinesse in a commentarie vpon the 32. Psalme. Preached and now published by T.T. late fellow of Christs Colledge in Cambridge. To which is prefixed the table of method of the whole Psalme, and annexed an alphabeticall table of the chiefe matters in the commentarie.","Taylor, Thomas, 1576-1632.",Printed by William Stansby for Henrie Fetherstone and are to be sold at his shop in Pauls Church yard at the signe of the Rose,London,O.T.; Commentaries; Bible.; Psalms XXXII; Early works to 1800.,1617
A16166,S119257,3089,"The blame of kirk-buriall, tending to persvvade cemiteriall ciuilitie First preached, then penned, and now at last propyned to the Lords inheritance in the Presbyterie of Lanerk, by M. William Birnie the Lord his minister in that ilk, as a pledge of his zeale, and care of that reformation.","Birnie, William, 1563-1619.",Printed by Robert Charteris printer to the Kings most excellent Maiestie,Edinburgh,Funeral rites and ceremonies; Early works to 1800.; Burial,1606
A11011,S116223,21282,"Lectures vpon the Epistle of Paul to the Colossians. Preached by that faithfull seruant of God, Maister Robert Rollok, sometime rector of the Vniuersitie of Edenburgh","Rollock, Robert, 1555?-1599.; Holland, Henry, 1555 or 6-1603.",Imprinted by Felix Kyngston dwelling in Pater noster row ouer against the signe of the Checker,At London,Commentaries; Bible.; Colossians; Early works to 1800.; N.T.,1603
A13299,S103240,23605,"A Christian reprofe against contention Wherin is declared and manifested a just defence of the Church against such slanderes and reproches which Sabine Staresmore hath layd vpon vs in his two bookes, the first being 16 questions, called a louing tender. The second is his preface and postscript befor and behind Mr. Answorths last sermon, and making a pretence by that to sett it out as a loue token, hee breetheth out his malice against vs: and lastly her is an answer to a letter written by Mr. Robinson, and sent to vs with the consent of his Church, which now Mr. Staresmore hath published to the world. To these things an answer is giuen by A.T.","A. T., fl. 1631.; Thatcher, Anthony, attributed name.",Successors of G Thorpe,Amsterdam,"Early works to 1800.; Staresmore, Sabine; Brownists",1631
A13535,S118201,23825,"A commentarie vpon the Epistle of S. Paul written to Titus. Preached in Cambridge by Thomas Taylor, and now published for the further vse of the Church of God. With three short tables in the end for the easier finding of 1. doctrines, 2. obseruations, 3. questions contained in the same","Taylor, Thomas, 1576-1632.",Printed by Cantrell Legge for L Greene,Cambridge,Commentaries; Bible.; Titus; Early works to 1800.; N.T.,1612
A30248,R21442,B5663,"The true doctrine of justification asserted and vindicated, from the errours of Papists, Arminians, Socinians, and more especially Antinomians in XXX lectures preached at Lawrence-Iury, London / by Anthony Burgess ...","Burgess, Anthony, d. 1664.",Printed by A Miller for Tho Underhill,London,Justification.,1651
A30903,R216281,B737,"Theses theologicæ: or The theological propositions, which are defended by Robert Barclay, in his apology for the true Christian divinity as the same is held forth and preached, by the people called Quakers. First printed about the year, 1675. And since then, reprinted several times, to prevent mistakes concerning that people.","Barclay, Robert, 1648-1690.",s n,London,Society of Friends; Quakers; Early works to 1800.,1675
A30895,R1740,B721,"An apology for the true Christian divinity, as the same is held forth, and preached by the people, called, in scorn, Quakers being a full explanation and vindication of their principles and doctrines, by many arguments, deduced from Scripture and right reason, and the testimony of famous authors, both ancient and modern, with a full answer to the strongest objections usually made against them, presented to the King / written and published in Latine, for the information of strangers, by Robert Barclay ; and now put into our own language, for the benefit of his country-men.","Barclay, Robert, 1648-1690.",s n,London,Apologetic works.; Doctrines.; Apologetics; History; Society of Friends; 17th century.; Early works to 1800.,1678
A33723,R35626,C5030,"A discourse of regeneration, faith and repentance preached at the Merchants-Lecture in Broad-Street by Thomas Cole ...","Cole, Thomas, 1627?-1697.",Printed for Thomas Cockerill,London,Faith.; Regeneration (Theology); Repentance.,1689
A31459,R36292,C1653,"The life and death of that holy and reverend man of God, Mr. Thomas Cawton ... with severall of his speeches and letters, while in exile, for his loyalty to the Kings Most Excellent Majesty : to which is annexed a sermon preach'd by him at Mercers Chappel, Febr. 25. 1648 ... : published with the approbation of several of his brethren, ministers of the Word in London.","Cawton, Thomas, 1637-1677.",Printed for Tho Basset and R Hall,London,"Cawton, Thomas, 1605-1659.",1662
A30249,R21441,B5667,"Vindiciae legis, or, A vindication of the morall law and the covenants, from the errours of Papists, Arminians, Socinians, and more especially, Antinomians in XXX lectures, preached at Laurence-Jury, London / by Anthony Burgess ...","Burgess, Anthony, d. 1664.",Printed by James Young for Thomas Underhill,London,Providence and government of God.; Law and gospel.; Covenant theology.,1647
A33720,R964,C5029,"A discourse of Christian religion, in sundry points preached at the merchants lecture in Broadstreet / by Thomas Cole ...","Cole, Thomas, 1627?-1697.",Printed by R R for Thomas Cockerill,London,Christianity.,1692
A34974,R1088,C6902,"Roman-Catholick doctrines no novelties, or, An answer to Dr. Pierce's court-sermon, miscall'd The primitive rule of Reformation by S.C. a Roman-Catholick.","Cressy, Serenus, 1605-1674.",s n,S l,"Primitive rule of reformation.; Doctrines.; Pierce, Thomas, 1622-1691.; Reformation; Catholic Church; Early works to 1800.",1663
A38972,R20823,E3710,"The examination and tryall of Margaret Fell and George Fox (at the severall assizes held at Lancaster the 14th and 16th days of the first moneth, 1663, and the 29th of the 6th moneth, 1664) for their obedience to Christs command who saith, swear not at all also something in answer to Bishop Lancelot Andrews sermon concerning swearing.","Fox, George, 1624-1691.; Fox, Margaret Askew Fell, 1614-1702.",s n,London,"Andrewes, Lancelot, 1555-1626.; Trials; England.",1664
A34470,R215454,C6094,"A blow at the serpent; or a gentle answer from Madiston prison to appease wrath advancing it self against truth and peace at Rochester. Together with the work of four daies disputes, in the Cathedral of Rochester, in the Countie of Kent, betweene several ministers, and Richard Coppin, preacher there, to whom very many people frequentlie came to hear, and much rejoyced at the way of truth and peace he preached, at the same whereof the ministers in those parts began to ring in their pulpits, saying, this man blasphemeth, ... Whereupon arose the disputes, at which were some magistrates, some officers, and souldiers, peaceable and well-minded, and very many people from all parts adjacent, before whom the truth was confirm'd and maintained. The whole matter written by the hearers, on both sides. Published for the confirmation and comfort of all such as receive the truth in the love of it. By Richard Coppin, now in Maidston Prison for the witness of Jesus. Twenty five articles since brought against him by the ministers, as blasphemie, and his answers to them, how he was","Coppin, Richard, fl. 1646-1659.",printed by Philip Wattleworth and are to be sold by William Larnar at the Black moor neer Fleet Bridge,London,Universalism; Early works to 1800.; Blasphemy,1656
A26859,R10441,B1183,"Richard Baxters answer to Dr. Edward Stillingfleet's charge of separation containing, I. some queries necessary for the understanding of his accusation, II. a reply to his letter which denyeth a solution, III. an answer to his printed sermon : humbly tendred, I. to himself, II. to the Right Honourable the Lord Mayor and the court of aldermen, III. to the readers of his accusation, the forum where we are accused.","Baxter, Richard, 1615-1691.",Printed for Nevil Simmons and Thomas Simmons,London,"Dissenters, Religious; England.; Mischief of separation.; Stillingfleet, Edward, 1635-1699.",1680
A26161,R12316,A4162,"An apology, or, Defence of the divine art of natural astrologie being an answer to a sermon preached in Cambridge, July 25, 1652. ... / written by the learned and ingenious mathematician, Mr. George Atwell ... ; and now published by a friend ... vvhose preface is hereunto annexed.","Atwell, George.",Printed for Samuel Speed,London,Prophecies.; Astrology; Early works to 1800.,1660
A26065,R4907,A4033,"Evangelium armatum, A specimen, or short collection of several doctrines and positions destructive to our government, both civil and ecclesiastical preached and vented by the known leaders and abetters of the pretended reformation such as Mr. Calamy, Mr. Jenkins, Mr. Case, Mr. Baxter, Mr. Caryll, Mr. Marshall, and others, &c.","Calamy, Edmund, 1600-1666.; Assheton, William, 1641-1711.; Baxter, Richard, 1615-1691.",Printed for William Garret,London,"Great Britain; Puritan Revolution, 1642-1660.; History",1663
A20184,S117455,6616,"The hand-maid of repentance. Or, A short treatise of restitution. Written by Arth: Dent, Minister of Gods word at Southshoobery in Essex. As a necessary appendix to his Sermon of Repentance","Dent, Arthur, d. 1607.; Dent, Arthur, d. 1607. Sermon of repentance.",Printed by G Eld for Thomas Thorp,London,Restitution; Early works to 1800.,1614
